作品编号,作品名称,作品分类,作品简介,开源代码与组件使用情况说明,作品安装说明,作品效果图,设计思路,设计重点和难点,指导老师自评,其他说明,部署链接1,部署链接2,插图

http://2020.jsjds.com.cn/chaxun/?keys=68694,归巢,数媒游戏与交互设计-虚拟现实VR与增强现实AR,本项目分为VR虚拟现实与AR两部分，使用者以一名野生鸟类救助员身份体验漫游自然、鸟类交互、鸟类急救手术。VR端高潮部分以澳洲森林大火受害鸟类为原型，设计火海沉浸式体验，通过在救助员与鸟的视角之间的切换，直观感受鸟类身陷火海，无处逃生的绝望感。作品以完整的故事线串联起一场森林大火对鸟类的毁灭与环境的破坏，暗喻人类破坏自然行为这一灾难源头，直观震撼的换位体验发人深省。AR端App通过手机定位与GoMap地图在线生成，在使用者周边环境生成虚拟的鸟类，使用者需走向户外移动自身位置到达虚拟地图指定地点，通过AR扫描现实环境寻找并帮助受伤鸟类，软件记录生成AR鸟类图鉴，便于认识、帮助鸟类，激发人们环保意识,"开源软件： Unity 3D 、 Cinema 4D 、 3dsmax
第三方组件：SteamVR Plugin  、 Vuforia Engine 、GoMap","一、安装环境：Windows ；Android；
二、安装过程：
VR电脑端：为了降低用户使用难度，本团队将作品VR端设打包发布.exe可执行程序，无需安装，在电脑连接VR设备后直接双击即可使用；
AR手机端：团队将项目打包发布.apk文件，下载到手机后直接安装该APP，打开GPS开关就可体验使用。","VR端效果图展示
1、鸟类交互场景

2、森林大火场景

3.火海中雌鸟冲向雏鸟场景

4.鸟类救助手术室

5.队员体验调试VR端

6.手机AR端鸟类分布地图                                               7.手机AR扫描出的鸟类
                         
8.队员实地寻找测试鸟类精灵","近年来全球山火发生频率日益增高，濒危鸟类等动物严重受灾，除了天灾因素，更多指向了全球变暖、人为火源、城市过度扩张等社会环境问题。故本团队利用虚拟现实VR+AR技术，使用者以一名野生鸟类救助员身份体验漫游自然、鸟类交互、鸟类急救手术。
VR端高潮部分以澳洲森林大火受害鸟类为原型，设计火海沉浸式体验，通过在救助员与鸟的视角之间的切换，直观感受鸟类身陷火海，无处逃生的绝望感。作品以完整的故事线串联起一场森林大火对鸟类的毁灭与环境的破坏，暗喻人类破坏自然行为这一灾难源头，直观、震撼的换位体验发人深省。
AR端App通过手机定位与GoMap地图在线生成，在使用者周边环境生成虚拟的鸟类，使用者需走向户外，移动自身位置到达虚拟地图指定地点，通过AR扫描现实环境寻找并帮助受伤鸟类，软件记录生成AR鸟类图鉴，便于认识、帮助鸟类，激发人们的环保意识。
VR、AR两部分的主要故事线都是帮助鸟类，我们希望使用者通过助鸟归巢，最终从心灵深处意识到大自然才是人类的归属，从而达到爱护鸟类保护环境的宣传作用。","重点：
1.鸟类、森林、火灾、手术室等物体场景的真实还原；
2.AR部分做到走进自然的创意；
难点：
1.团队无美术相关成员，在物体建模上较为困难；
2.整个游戏的流程、交互设计上极为复杂。",该项目采用虚拟现实技术真实地还原现实灾难，以沉浸式体验让玩家最直观地感受到人类对自然对鸟类的伤害。鸟类救助以及AR端app又增添了不少互动实操性，使玩家在娱乐中学习更多鸟类知识。整个作品以完整的故事线暗喻了人类这一灾难源头，直观、震撼的换位体验发人深省，具有非常大的环保宣传教育意义和推广价值。,无,,,"['http://2020.jsjds.com.cn/dasai/assets/uploadFiles/f55ecf64ee647dd0b89c65acc8d3d156/20200523_094229.png', 'http://2020.jsjds.com.cn/dasai/assets/uploadFiles/f55ecf64ee647dd0b89c65acc8d3d156/20200523_070727.png', 'http://2020.jsjds.com.cn/dasai/assets/uploadFiles/f55ecf64ee647dd0b89c65acc8d3d156/20200523_084034.png', 'http://2020.jsjds.com.cn/dasai/assets/uploadFiles/f55ecf64ee647dd0b89c65acc8d3d156/20200523_084131.png', 'http://2020.jsjds.com.cn/dasai/assets/uploadFiles/f55ecf64ee647dd0b89c65acc8d3d156/20200523_085917.jpg', 'http://2020.jsjds.com.cn/dasai/assets/uploadFiles/f55ecf64ee647dd0b89c65acc8d3d156/20200523_090501.PNG', 'http://2020.jsjds.com.cn/dasai/assets/uploadFiles/f55ecf64ee647dd0b89c65acc8d3d156/20200523_092916.png', 'http://2020.jsjds.com.cn/dasai/assets/uploadFiles/f55ecf64ee647dd0b89c65acc8d3d156/20200523_092937.JPG', 'http://2020.jsjds.com.cn/dasai/assets/uploadFiles/f55ecf64ee647dd0b89c65acc8d3d156/20200523_093011.JPG']"
http://2020.jsjds.com.cn/chaxun/?keys=68595,基于RS-CNN的森林火灾智能监控系统,人工智能-人工智能实践赛,我国的森林覆盖率较高，山火频发，目前监测的方法并不十分有效，为防火安全工作埋下隐患。基于RS-CNN的森林火灾智能监控系统由一定数量的无人机及其配套通讯设备组成，适用于各种常见林区类型。系统利用无人机编队在目标林区按照混合人工势场-蚁群算法规划的路径进行定时巡航，保证了飞行过程中无人机编队整体能量损耗最低，巡航时间最短，航迹最优。编队利用机载激光雷达系统实时感知外部情况，利用RS-CNN算法对感知图像智能识别并寻找火点，判断是否发生山火并及时报警。为预测火情的蔓延趋势，利用元胞自动机模型对火情进行模拟推演并实时校正，给出蔓延趋势及具体蔓延位置，进而实现对森林火灾的智能监控和精准预测。,本项目代码部分皆为项目作者原创，没有参考使用现有开源代码。,本作品软件代码使用是在Matlab R2017b和Tensorflow2.0的开发环境进行编程。其中，航迹路线规划以及火情预测部分使用的是Matlab R2017b，图像识别部分使用的是Tensorflow2.0。,,近年来，大规模的森林火灾在全球范围内频繁出现，对生态环境造成极大的破坏，而大规模森林火灾产生的重要原因是没有对林区进行行之有效的防火监控，为此我们设计了一个基于RS-CNN的森林火灾智能监控系统，本系统由一定数量的无人机及其配套通讯设备组成，适用于各种常见林区类型。本系统首先要考虑的是无人机群的航迹规划问题。对于该问题，我们设计了一种混合人工势场-蚁群算法来规划无人机群航迹，同时利用角色切换策略算法调整单个无人机姿态，保证了飞行过程中无人机编队整体能量损耗最低，巡航时间最短，与基站间的通信链路稳定，总体航迹最优。在图像识别方面，无人机编队利用机载激光雷达系统实时感知外部情况，利用训练好的RS-CNN模型对感知图像智能识别并寻找火点，判断是否发生山火并及时报警。为进一步预测火情蔓延趋势，利用元胞自动机模型对火情进行模拟推演并实时校正，给出蔓延趋势及具体蔓延位置，进而实现对森林火灾的智能监控和精准预测。,"本系统的设计重点有三个。
第一个重点是对无人机群航迹路线规划的设计。对于该问题，我们提前对林区地形进行采集，建立栅格化网络地图，利用混合人工势场-蚁群算法规划整体航迹，利用角色切换策略算法调整单体无人机的姿态，保证了飞行过程中无人机编队整体能量损耗最低，巡航时间最短，与基站的通信链路稳定，总体航迹最优。
第二个重点是对林区图像进行点云识别。对于该问题，我们提前收集了我国主要林区类型的火灾图像，并利用该数据集训练RS-CNN模型，使系统适用范围更广。在实际应用过程中，无人机编队利用机载激光雷达系统实时感知外部情况，利用训练好的RS-CNN模型对感知图像智能识别并寻找火点，判断是否发生山火并及时报警，进而完成火情识别。
第三个重点是对火情的发展预测。对于该问题，我们将捕获到的火情图像建立栅格化数据，利用元胞自动机模型预测火情的进一步蔓延趋势，通过与实际情况相对比，不断优化算法参数，最终得到的模型预测成功率高达93.1%。",该作品所用模型均采用智能化算法，并基于实际数据仿真建模，虽为轻量级模型，但鲁棒性好，识别检测精确度高。同时，该系统设计严谨完整预测分析准确，具有较为理想的可行性和应用价值，解决了现有森林防火系统存在的问题，满足了我国森林灾害应急处理的需求。,本系统图像识别部分算法所用计算机配置如下：CPU: AMD R7 3700x 3.6GHz;；内存：32GB 2400MHz；显卡：RTX 2070super 8GB；系统：windows10 64位专业版,,,"['http://2020.jsjds.com.cn/dasai/assets/uploadFiles/889e6ceb5fc3799d37cf87a5611e6d58/20200517_161705.jpg', 'http://2020.jsjds.com.cn/dasai/assets/uploadFiles/889e6ceb5fc3799d37cf87a5611e6d58/20200517_161314.jpeg', 'http://2020.jsjds.com.cn/dasai/assets/uploadFiles/889e6ceb5fc3799d37cf87a5611e6d58/20200517_161336.jpg']"
http://2020.jsjds.com.cn/chaxun/?keys=68572,一次学会Dijkstra算法,微课与教学辅助类-计算机基础与应用类课程,"本节微课讲解单源最短路径算法—Dijkstra算法。
教学目标：让学生能够一次学会Dijkstra算法，熟练掌握算法思想以及代码编写。
教学难点：采用动画式讲解的创新方式，将复杂的算法思想、语言具象化处理，让学生更易接受，更好吸收。
首先用生活化的例子引入“如何快速准确地寻找最短路径”这一主题，启发学生思考；接着进入算法讲解的主体部分，划分为三部分，一是Dijkstra算法基础背景讲解，二是算法的具体思想，三是结合计算机语言实现该算法，层次清晰；最后提出问题，便于学生课后的反思与总结。
整体教学过程符合学生的认知逻辑规律，主线清晰，做到了复杂问题具体化，简单化的设计，内容饱满，通俗易懂。",无,无,,"一、作品目的
   在这个快节奏的信息时代，如何高效解决问题成了重中之重。经过观察，我们小组发现，生活中关于查找最短路径的问题比比皆是，例如：节假日旅行时经济旅行路径的选择，外卖配送员高效配送的问题。针对这一问题，我们通过微课的方式，普及求解最短路径最著名的算法之一：Dijkstra算法。
 
二、教学方式
   本节微课采用案例式及问题驱动式的教学方法，讲解过程通过问题引导、案例剖析等方式，用通俗易懂的语言化抽象为具体，帮助学生进行网络自学并提高学生利用所学知识分析、解决问题的能力。
 
三、教学过程
（1）提出问题
首先通过人物对话，用生活化的例子引入“如何快速准确地寻找最短路径”这一主题。
（2）解决问题
算法讲解的主体部分，划分为三部分：
①Dijkstra算法基础背景；
②算法的具体思想；
③结合计算机语言实现该算法并对该算法进行综合性评价。
以具象动画的形式举例说明，层次清晰，简单明了，让学生理解起来更容易，更深入。
（3）举一反三
设计具体题目，让学生动脑动手思考，在实践中加深对Dijkstra算法的理解，并提出如何改善Dijkstra算法的问题，延伸教学，提高学生自主思考的能力。
 
教学过程概述如下：

四、微课制作
（1）利用简单快捷的PPT做出草稿，然后搜集可能会用到的动画素材；
（2）利用软件“万彩动画大师”化PPT草稿为初步视频；
（3）反复修改PPT草稿，不断优化视频，并利用机器语音把控视频播放速度；
（4）化机器语音为人声，不断调整，实现声画同步。
（5）利用Pr、Camtasia等软件对微课作品进行优化，包括转场设计、添加背景音乐和字幕合成等。","一、设计重点
    在作品制作之前，我们浏览了网上大量的算法讲解视频，横向比较它们的异同，并纵向深入分析各个优秀作品的整体设计风格与特色。在进行汇总分析后，我们去粗取精，提炼出以下几条设计重点，同时这也是我们一直遵守的原则：
（1）教学内容严谨，不能出现任何科学性错误；
（2）讲解过程必须符合学生的认知逻辑规律，追求言简意赅，通俗易懂；
（3）视频画面力求“小（微）而精”，画布内容简约而不失丰富；
（4）各部分之间的衔接流畅连贯，不卡顿，做到声画同步，表述清晰；
（5）在精准授课的同时，追求一定的创新性。
       
二、设计难点
    在实际设计的过程中，也遇到了许多困难：
（1）由于Dijkstra算法的主体代码较长，在视频画面中，不容易一次性全部显示。
    解决：将代码分为三个部分，在执行动画过程中，规律循环这三个部分，达到代码与动画的同步与统一。
（2）由于设备限制，在配音的过程中，出现很多的问题，例如：杂音多、音色改变、声音响度不均等。
    解决：单句录制，保证言语清晰准确。语音录入时，首尾停留，方便语音裁剪，尽可能地去除杂音。
（3）授课讲解特色问题，如何开辟一条新颖的讲解方式，是最困难、最缺灵感的地方。
    解决：我们通过线上以不同的讲解方式给周围学生阐述Dijkstra算法的核心思想，经过大量的分析与评价，结合学生反馈与指导教师建议，寻求出最容易让学生接受的讲解思路。化晦涩难懂的学术性表述，为同样科学无误的通俗性语言，再结合视频的动态演示，让学生能够一次性学会、学懂Dijkstra算法。",该微课作品选题简明，设计新颖，结构完整，教学过程深入浅出，有效解决实际教学问题，启发引导性强，能够很好地促进学生思维能力的提高。,,,,"['http://2020.jsjds.com.cn/dasai/assets/uploadFiles/cf4cb0ebea2e4e8e1e9565dfbbca7b2f/20200629_161342.png', 'http://2020.jsjds.com.cn/dasai/assets/uploadFiles/cf4cb0ebea2e4e8e1e9565dfbbca7b2f/20200629_155544.png', 'http://2020.jsjds.com.cn/dasai/assets/uploadFiles/cf4cb0ebea2e4e8e1e9565dfbbca7b2f/20200629_155903.png', 'http://2020.jsjds.com.cn/dasai/assets/uploadFiles/cf4cb0ebea2e4e8e1e9565dfbbca7b2f/20200629_160212.png', 'http://2020.jsjds.com.cn/dasai/assets/uploadFiles/cf4cb0ebea2e4e8e1e9565dfbbca7b2f/20200629_161436.png', 'http://2020.jsjds.com.cn/dasai/assets/uploadFiles/cf4cb0ebea2e4e8e1e9565dfbbca7b2f/20200629_161637.png', 'http://2020.jsjds.com.cn/dasai/assets/uploadFiles/cf4cb0ebea2e4e8e1e9565dfbbca7b2f/20200629_162717.png', 'http://2020.jsjds.com.cn/dasai/assets/uploadFiles/cf4cb0ebea2e4e8e1e9565dfbbca7b2f/20200629_162726.png', 'http://2020.jsjds.com.cn/dasai/assets/uploadFiles/cf4cb0ebea2e4e8e1e9565dfbbca7b2f/20200629_162733.png', 'http://2020.jsjds.com.cn/dasai/assets/uploadFiles/cf4cb0ebea2e4e8e1e9565dfbbca7b2f/20200629_162749.png', 'http://2020.jsjds.com.cn/dasai/assets/uploadFiles/cf4cb0ebea2e4e8e1e9565dfbbca7b2f/20200629_162814.png', 'http://2020.jsjds.com.cn/dasai/assets/uploadFiles/cf4cb0ebea2e4e8e1e9565dfbbca7b2f/20200629_162822.png', 'http://2020.jsjds.com.cn/dasai/assets/uploadFiles/cf4cb0ebea2e4e8e1e9565dfbbca7b2f/20200629_163140.png', 'http://2020.jsjds.com.cn/dasai/assets/uploadFiles/cf4cb0ebea2e4e8e1e9565dfbbca7b2f/20200629_163149.png', 'http://2020.jsjds.com.cn/dasai/assets/uploadFiles/cf4cb0ebea2e4e8e1e9565dfbbca7b2f/20200629_163157.png', 'http://2020.jsjds.com.cn/dasai/assets/uploadFiles/cf4cb0ebea2e4e8e1e9565dfbbca7b2f/20200629_163222.png', 'http://2020.jsjds.com.cn/dasai/assets/uploadFiles/cf4cb0ebea2e4e8e1e9565dfbbca7b2f/20200629_163230.png', 'http://2020.jsjds.com.cn/dasai/assets/uploadFiles/cf4cb0ebea2e4e8e1e9565dfbbca7b2f/20200629_163238.png', 'http://2020.jsjds.com.cn/dasai/assets/uploadFiles/cf4cb0ebea2e4e8e1e9565dfbbca7b2f/20200630_020529.png', 'http://2020.jsjds.com.cn/dasai/assets/uploadFiles/cf4cb0ebea2e4e8e1e9565dfbbca7b2f/20200629_183546.png']"
http://2020.jsjds.com.cn/chaxun/?keys=68561,校信通,软件应用与开发-管理信息系统,"校园中，若举办各种各样的志愿活动、兼职等等，活动宣传平台往往采用微信/qq群或公众号文章的方式，该方式存在信息发布分散的问题。该作品在校园内使用，分为“活动方”和“志愿者”两个平台。活动方发布活动/兼职信息招收志愿者，志愿者发布志愿信息可供活动方招收，双方均可发出申请，但最终决定权在志愿者。双方均可以发布“二手信息”和“失物招领“类别信息。活动方发布多个活动/兼职，可以对参加本次活动/兼职的志愿者进行管理（添加、删除、调整薪资）和工作监督。志愿者有查看所有活动/兼职、工作打卡、添加备注等功能。”聊天大厅“供所有成员聊天使用。“消息页面”显示收到的活动/兼职申请通知。""我的""界面显示个人信息。","我们小组使用的开发工具是微信开发者工具。
代码开发中，聊天大厅功能引用了云开发平台的开源代码，其余代码均为原创。
图像使用中，内部图标引用于https://www.iconfont.cn/。
首页的轮播图以及小程序头像均为自制。
业务功能中，短信业务使用的是腾讯云平台的短信业务，邮箱业务使用了qq邮箱发送业务。","以下为手机端打开方式
一：打开微信，下拉打开小程序菜单。
二：搜索Management System。
三：点击如图所示图标即可进入。","1.欢迎页和使用说明
  
2.绑定手机和发送邮件效果图
  
3.四个主要页面（首页，聊天，消息，我的）
  
  
4.发布信息页面
  
5.查看已发布信息页面（图一为个人已发布消息页面，图二为所有人已发布的消息页面）
  
6.活动方对志愿者的管理（查看，添加，删除，修改）
  
  
7.活动方的工作监督和申请通知页面
  
8.志愿者的查看兼职、工作打卡、打卡图片、个人日历功能
  
  
9.其它页面（个人信息）","在校园生活中，会举办各种各样的比赛活动、勤工俭学，但是这些活动/兼职总是得不到好的宣传。比如：qq群微信群宣传，消息持久性弱，活动消息容易被聊天内容冲刷掉。公众号文章，目前不存在一个公众号会发布所有类型的信息，往往一个公众号只发布一类信息甚至只发布该社团的信息，所以信息平台分散不集中。
   该平台则消除了以上俩个缺点，该平台的活动方和志愿者两个平台发布的信息存在数据库中，保证了信息的持久性，该平台可发布活动信息，兼职信息，二手物品信息，丢失物品信息，还带有聊天大厅方便聊天，在聊天大厅进行沟通，整体来说，该平台为举办活动方提供了发布信息，招收志愿者的功能，为志愿者提供了寻求活动/兼职的功能。
   往往参加某一活动的学生或者老师会通过建立微信群的方式管理人员和分配任务，但是如果参加的活动过多，会导致微信群过多，从而导致信息来不及查看。
   在发布消息的基础上，平台分为两个部分，这两个部分可以进行交互，活动方和志愿者之间可以进行管理，每一个活动方可对参加本次活动的志愿者进行添加、删除、修改和工作监督，方便了人员管理，双方可以经过沟通建立微信群或其他平台进行分配任务，也可以直接使用该平台通过第三方发送邮件（邮件功能已配置好，并且免费快捷）的方式来向志愿者分配任务。志愿者平台可申请参加多个活动，比如：志愿者参加了教室清理的兼职，在每次打扫完教室之后可以通过本平台进行实时打卡，双方均可以查看到打卡图片。
   该平台还附加了发布二手信息，失物招领信息平台。方便同学们获取信息，及时交流。","重点
1.一条消息分为发送方和接受方，一场活动分为活动方和志愿者。
实现方法：该作品分为两个平台，一个用于活动方，一个用于志愿者。
2.一平台多类型信息，发布多种类型信息（包括二手信息，活动兼职信息，物品丢失信息）并根据不同类别显示出来。
实现方法：通过页面参数的不同访问不同的数据库，从而实现数据存储和页面显示内容的不同。
3.活动方可对志愿者进行工作监督。
实现方法：将志愿者的打卡图片和打卡时间存到数据库中，双方通过fileID来获取打卡图片和时间。
4.志愿者和活动方的交互。
实现方法：①活动方可以对志愿者进行人员管理和工作监督。②志愿者和活动方的合作关系建立最终取决于志愿者。
难点
1.聊天大厅的开发，聊天大厅需要实现实时通讯，实时更新新的消息。
解决方法：部署了云开发自带的聊天大厅demo。
2.对用户的友好性和易懂性。
解决方法：整个项目使用整套的简明易懂的图标，在欢迎页有使用说明来方便用户查看。
3.云函数的搭建与部署。云函数用于实现发送短信，发送邮件等业务功能。
解决方法：通过上网学习云函数搭建与部署。
4.数据库记录的设计，根据信息的几个特征（例如发布人，时间）进行设计。
解决方法:通过头脑风暴讨论出各个实体所需要的属性以及属性类型等。
5.页面美化和页面布局。
解决方法：借鉴相关APP的页面布局，并添加自己的风格。","一：该小程序集成性高。该小程序可以发布多种类型信息，方便师生查询。
二：该小程序独立性高。两角色交互是该系统的亮点，体现在活动方和志愿者的功能不同，两平台相互独立，正是这样，才实现了活动方对志愿者的管理功能。
三：该小程序友好性高。界面整齐，功能齐全，使用手册使用户使用更方便。
四：该小程序持久性高。信息存储到数据库中不会被冲刷。","1.本系统所使用的三个主题色为#fc776a 红 #f4db6f 黄 #004680 蓝。
2.像素值均使用rpx，可以更好的适应各种机型。
3.页面布局大多采用Flex弹性布局，可以简便、完整、响应式地实现各种页面布局，页面可视性增强。
4.小程序页面跳转不超过5层，防止层级太多影响用户体验。",,,"['http://2020.jsjds.com.cn/dasai/assets/uploadFiles/e31a08a2d100bc9f8c1baf5fce492ca3/20200430_015057.jpg', 'http://2020.jsjds.com.cn/dasai/assets/uploadFiles/e31a08a2d100bc9f8c1baf5fce492ca3/20200628_042401.jpg', 'http://2020.jsjds.com.cn/dasai/assets/uploadFiles/e31a08a2d100bc9f8c1baf5fce492ca3/20200628_042507.jpg', 'http://2020.jsjds.com.cn/dasai/assets/uploadFiles/e31a08a2d100bc9f8c1baf5fce492ca3/20200628_042619.jpg', 'http://2020.jsjds.com.cn/dasai/assets/uploadFiles/e31a08a2d100bc9f8c1baf5fce492ca3/20200628_042630.jpg', 'http://2020.jsjds.com.cn/dasai/assets/uploadFiles/e31a08a2d100bc9f8c1baf5fce492ca3/20200628_043248.jpg', 'http://2020.jsjds.com.cn/dasai/assets/uploadFiles/e31a08a2d100bc9f8c1baf5fce492ca3/20200628_043300.jpg', 'http://2020.jsjds.com.cn/dasai/assets/uploadFiles/e31a08a2d100bc9f8c1baf5fce492ca3/20200628_043312.jpg', 'http://2020.jsjds.com.cn/dasai/assets/uploadFiles/e31a08a2d100bc9f8c1baf5fce492ca3/20200628_043329.jpg', 'http://2020.jsjds.com.cn/dasai/assets/uploadFiles/e31a08a2d100bc9f8c1baf5fce492ca3/20200628_042901.jpg', 'http://2020.jsjds.com.cn/dasai/assets/uploadFiles/e31a08a2d100bc9f8c1baf5fce492ca3/20200628_043011.jpg', 'http://2020.jsjds.com.cn/dasai/assets/uploadFiles/e31a08a2d100bc9f8c1baf5fce492ca3/20200628_044121.jpg', 'http://2020.jsjds.com.cn/dasai/assets/uploadFiles/e31a08a2d100bc9f8c1baf5fce492ca3/20200628_044130.jpg', 'http://2020.jsjds.com.cn/dasai/assets/uploadFiles/e31a08a2d100bc9f8c1baf5fce492ca3/20200628_044230.jpg', 'http://2020.jsjds.com.cn/dasai/assets/uploadFiles/e31a08a2d100bc9f8c1baf5fce492ca3/20200628_044242.jpg', 'http://2020.jsjds.com.cn/dasai/assets/uploadFiles/e31a08a2d100bc9f8c1baf5fce492ca3/20200628_044257.jpg', 'http://2020.jsjds.com.cn/dasai/assets/uploadFiles/e31a08a2d100bc9f8c1baf5fce492ca3/20200628_044305.jpg', 'http://2020.jsjds.com.cn/dasai/assets/uploadFiles/e31a08a2d100bc9f8c1baf5fce492ca3/20200628_044412.jpg', 'http://2020.jsjds.com.cn/dasai/assets/uploadFiles/e31a08a2d100bc9f8c1baf5fce492ca3/20200628_044454.jpg', 'http://2020.jsjds.com.cn/dasai/assets/uploadFiles/e31a08a2d100bc9f8c1baf5fce492ca3/20200628_044644.jpg', 'http://2020.jsjds.com.cn/dasai/assets/uploadFiles/e31a08a2d100bc9f8c1baf5fce492ca3/20200628_044658.jpg', 'http://2020.jsjds.com.cn/dasai/assets/uploadFiles/e31a08a2d100bc9f8c1baf5fce492ca3/20200628_093152.jpg', 'http://2020.jsjds.com.cn/dasai/assets/uploadFiles/e31a08a2d100bc9f8c1baf5fce492ca3/20200628_044901.jpg', 'http://2020.jsjds.com.cn/dasai/assets/uploadFiles/e31a08a2d100bc9f8c1baf5fce492ca3/20200628_044940.jpg']"
http://2020.jsjds.com.cn/chaxun/?keys=68636,云锦—锦织明韵,数媒中华优秀民族文化元素-平面设计（静态设计）,"为了弘扬中国优秀传统文化，我们绘制了以南京云锦文化为主题体的《云锦—锦织明韵》系列作品，以明服为载体，通过结合我们的创意和再创作去发掘南京云锦的文化艺术价值，吸引更多的人关注中国的非物质文化遗产和优秀传统文化。
表现形式形式：
一.插画展示
二.线上表情制作
三.创意文化延展品
四．创意海报招贴
五.意义：南京云锦用金线、银线、铜线及蚕丝、绢丝，各种鸟兽羽毛等用来织造的，在材质上无出其右，而云锦的图案纹样也秉承着“图必有意，意必吉祥”的原则，浓缩了中华传统文化的底蕴，我们希望通过现代数媒手段，传播云锦文化，吸引更多的年轻人去关注我们美丽的云锦，了解其悠久的历史文化。",无,"点击即可直接播放
在媒体播放器中播放即可
2345看图王
Photoshop",,"我们的作品创意来源：
南京云锦，不仅是我国古人高超丝绸织造技艺的杰出代表,更承载着我国7000年丝绸文化的优秀传统基因。陈之佛先生赞其为:中国古代丝织工艺最后一座里程碑。但随着现代社会、经济发展速度的急剧增长，云锦与我国其他非物质文化遗产一样都面临很多生存、 保护和传承、发展的问题，且新的矛盾仍在不断凸显，形势严峻。作为“四大名锦”之首的云锦，蕴含着无限的传统文化元素，我们希望做出一套从历史走来，以明服为载体，具有更年轻生命力云锦形象， 从而吸引更多的年关注我们悠久的中国传统文化。为中国经典传统文化创新设计，是我们义不容辞的任务。
一. 查找相关历史文献论文与请教老师
通过查阅云锦相关书刊、云锦研究所馆藏图书及网络电子书刊资料等渠道获取和收集与本课题相关的历史文献资料。将收集到的历史文献资料和期刊文章，进行分类整理并进行总结，从整理结果中获得南京云锦图案的花纹种类，不同图案蕴含的不同涵义，为对制约影响云锦图案的因素进行分析提供了可能；
同时求教于指导老师， 力求作品更加完备。
二. 全组前往南京云锦研究所实地进行考察
  通过对南京云锦研究所的观赏和与专业人士的讲解，我们对南京云锦有了新的了解，也了解到对云锦及云锦图案的认识以及对云锦未来的展望，补充文字资料的不足，使研究内容更加全面、客观、准确。
三.根据史料记载并加以自己的创新设计 融合新的元素 达到视觉最佳效果
  积累调研素材后结合我们的创意进入绘制的阶段，我们保留南京云锦的绚烂颜色和主体动势，加之自身对云锦的理解进行创作。
四.制作相关细节插图，文创产品，将文化产品应用于身边生活物品
  我们制作“云锦—锦织明韵”系列文化插画，配有古伞，古扇，更好的将作品投入应用，传播云锦文化。“云锦系列”表情包，应用在网络上。并且将制作的形象 应用与生活中的常见产品，产生潜移默化的影响。","设计重点：
一.云锦元素的创新
  鉴于我们是南京云锦的继承和再创作，并不是简单的临摹或者复原，所以我们在制作过程中加入现代人对于美的理解，在人物刻画复杂上，深入细致。我们希望通过这组作品，让更多人、尤其是年轻人认知传统服饰之美，与云锦文化之深，从而更好的传承与推广传统民族服饰文化，弘扬中华传统文化。
二.服饰元素的整合
 搜集相关资料，根据云锦工艺口诀与云锦编织的三个观念（“天人合一”哲学观，封建社会等级观，吉祥如意文化观），将富有吉祥寓意的纹样图案通过“象征、喻意、比拟和谐音”等手法表现， 将雍容华贵的宫廷王室之美、崇尚高洁的士大夫儒雅之美和纯真朴素的民间喜庆礼仪之美三者有机结合起来。
三.美观程度的调整
  在结合历史与自主创新之间，我们努力做到协调统一，颜色绚烂而不杂乱、内容复杂而不拖沓。调整人物的动势寻找最美的人物造型， 并配以最美的服饰达到美的视觉统一。配以藻井背景，更加贴合“锦织明韵”这一主题，传达我们对中国传统文化的无上尊敬。
  
设计难点：
一.素材获取途径较少
 由于丝织品难以保存，云锦工艺与口诀又在战乱中大多流失，仅靠相关的历史文献与少量出土的文物的照片很难复刻云锦的往日华丽，所以为此我们亲自前往南京云锦研究所进行实地调研，更直观、更真实的感受云锦文化的历史厚重感与真实感。
二.细致刻画复杂
  我们从南京云锦众多图案纹样中选取若干，并结合十种动势，加以我们的创意，运用我们的专业技能，将传统云锦服饰与创新结合起来，经过艺术处理，通过新媒介表达出来，创作出更贴近现代审美的云锦服饰。其中对于服装、饰品、五官的刻画都需要结合我们自身的创意点细致的刻画， 结合历史，创新设计。
三.软件应用
​  通过电脑绘画形式重点刻画内在的纹饰和外在的形象，达到装饰纹样审美的内部规律化和外在的规范化。我们熟练运用各种软件，例如：Illustrator、Photoshop、After Effects、Premiere、等多种软件，以完善我们的作品最终效果。",作品内容丰富，展现比较惊艳，很好地体现了云锦多样的文化，对推进云锦文化和传统手工艺文化传播有很好的帮助,无,,,"['http://2020.jsjds.com.cn/dasai/assets/uploadFiles/4cd739b6cc8b6f0722eae446cddffca6/20200630_051634.jpg', 'http://2020.jsjds.com.cn/dasai/assets/uploadFiles/4cd739b6cc8b6f0722eae446cddffca6/20200630_051223.jpg', 'http://2020.jsjds.com.cn/dasai/assets/uploadFiles/4cd739b6cc8b6f0722eae446cddffca6/20200630_051647.jpg', 'http://2020.jsjds.com.cn/dasai/assets/uploadFiles/4cd739b6cc8b6f0722eae446cddffca6/20200630_051659.jpg', 'http://2020.jsjds.com.cn/dasai/assets/uploadFiles/4cd739b6cc8b6f0722eae446cddffca6/20200531_032133.jpg', 'http://2020.jsjds.com.cn/dasai/assets/uploadFiles/4cd739b6cc8b6f0722eae446cddffca6/20200630_060115.jpg']"
http://2020.jsjds.com.cn/chaxun/?keys=68587,微波暗室VR虚拟实验平台,微课与教学辅助类-虚拟实验平台,"本项目结合VR与AR技术，克服了真实微波暗室成本极高且费时费力等问题，打造了由AR预习辅助App、VR微波暗室、教师端和辅助计算系统组成的虚拟实验平台，通过模块化编程提供开源设计的功能，拓展性极强。
学生通过AR端扫描天线模型图片进行预习，通过VR端进行天线认知、天线定制、组装拼接、微波暗室内天线的安装与测量等实验过程，使用辅助计算系统处理数据。教师通过教师端可视化分析学生的操作与得分情况。
近年来我国高校实行工程教育专业认证，微波暗室VR虚拟实验平台不是简单的将微波暗室虚拟化，而是有利于工程人才培养，锻炼学生的工程开发能力，甚至是解决复杂技术问题的能力，对高校工程教育专业认证具有重要意义。","开源软件： Unity 3D 、 Cinema 4D 、 3dsmax
第三方组件：SteamVR Plugin  、 Vuforia Engine","AR预习辅助App：
安装环境：Android；
安装过程：安装文件为Unity3D导出的apk文件，下载到Android系统之后，直接打开安装即可；
VR微波暗室：
安装环境：Windows ；
安装过程：为了降低用户使用难度，本团队将作品设计为.exe文件，无需安装，双击即可使用；
教师端：
安装环境：Windows ；
安装过程：为了降低用户使用难度，本团队将作品设计为.exe文件，无需安装，双击即可使用；
辅助计算系统：
安装环境：Android；
安装过程：将辅助计算系统集成到预习辅助App中，实现一应用双功能，方便简捷同时降低开发成本；","学生端
AR预习辅助App：学生在课前利用手机AR端扫描天线模型图片，进行课前预习。
                                                   图1 微波暗室概览                                                               图2 扫描图片出模型
VR微波暗室：正式实验，学生在VR微波暗室中进行一系列实验操作。
实验流程：
1.学生登录虚拟实验平台，进入VR场景观看实验简介，注意事项，实验仪器介绍等。          
                             图3 实验简介                                                                         图4 注意事项

                             图5 实验仪器
2.学生进入VR微波暗室环境中，开始实验，在天线的选择与定制面板中，选择并定制自己所需要的天线。
          
                       图6 天线选择与定制1                                                            图7 天线选择与定制2

                    图8 天线的选择与定制3
3.学生定制好自己所需的天线之后，进入天线组装拼接环节，自己动手将零部件组装成天线。
         
                       图9 天线的组装拼接1                                                          图10 天线的组装拼接2
         
                       图11 天线的组装拼接3                                                         图12 天线的组装拼接4
4.学生组装好天线之后，进入天线安装环节。学生将组装好的天线和标准天线分别安装到天线架上。
         
                          图13 天线的安装1                                                                图14 天线的安装2
         
                          图15 天线的安装3                                                                图16 天线的安装4
5.学生安装好天线之后，利用手柄按键交互，调出天线测量系统界面，输入控制数据，进行天线方向性的测量。
                                               
                                                             图17 天线测量系统界面与实验结果
6.测量结束后，系统给出本次实验得分情况，学生可将成绩提交到教师端并退出实验，同时实验后台自动将本次实验数据保存成.json文件。
                                               
                                                                         图18 实验得分情况
辅助计算系统：实验结束后，学生利用辅助计算系统处理实验数据，免去了复杂的计算过程。                                                                                      
                                                                       图19 辅助计算系统
教师端
利用数据可视化技术，教师可直观地看到学生的得分分布情况和具体得分情况，同时系统可自动给出教学建议，辅助教师及时调整教学计划。
         
                              图20 教师端1                                                                       图21 教师端2","随着通信技术的发展，伴随着5G时代的到来，智慧城市、无人驾驶、虚拟现实等领域快速发展，我国对高素质通信专业人才的需求也变得越来越迫切。微波暗室是通信类专业科学研究常用的实验环境，建设和维护成本很高使得只有少数高校拥有微波暗室，且实验操作费时费力，无法大范围应用于教学实践，这对我国高校通信类专业的工程教育专业认证很不利。经调查，我们发现虚拟实验可以克服上述问题，而结合VR技术的虚拟实验则更具优势，无与伦比的可操作性、交互性、直观性和沉浸式体验是传统PC虚拟实现所不具备的，因此我们团队决定打造一个基于VR技术的微波暗室。为了打造完整的教学体系，本项目分为学生端和教师端两大模块，学生端中又分为课前、课中和课后三小模块，基于上述思路，我们团队打造了由AR预习辅助App、VR微波暗室、辅助计算系统和教师端组成的VR虚拟实验平台。
项目设计框图如下：

图1 项目设计框图
        在项目开发前期，我们与指导老师沟通，到我校微波暗室进行实地考察，完整的了解并记录微波暗室的操作以及使用情况。之后我们团队根据调查记录进行虚拟实验平台的策划，充分发挥VR虚拟实验的优点来克服真实微波暗室的种种弊端，同时力求最大化还原完整的实验流程与实验操作。确定了虚拟实验平台的整体框架以及实验流程之后，我们团队开始构建微波暗室以及各种实验仪器的3D模型以及设计各种UI界面，这是本项目重难点之一。之后我们在Unity3D中进行后台数据库设计和实验操作的交互设计，这是本项目的另一个重难点。将上述步骤完成之后，VR微波暗室就基本成型。同时可以利用之前已经构建好的模型，开发一个AR预习辅助App，另外开发一个辅助计算系统与AR端集成到一个App中，这样学生端的制作基本完成。最后是教师端的开发，利用数据可视化技术，系统自动将学生成绩制作成图表直观的展示出来，并给出教学建议。整个虚拟实验平台体系构建完成之后，我们团队邀请同学进行项目测试并收集测试报告，根据报告对项目进行优化，力求打造出完美的虚拟实验平台。
开发流程如下：

图2 开发流程图
 
        完整的教学流程：首先学生通过手机AR端扫描AR天线模型图片进行课前预习，观看实验简介，浏览微波暗室环境以及观看实验仪器介绍及模型，对实验有个初步认识。进入正式实验之后，学生通过VR端沉浸体验天线认知、三维天线定制、组装拼接、微波暗室内天线的安装与测量系统的使用等过程，系统全程记录操作并测评打分，学生将实验成绩提交到教师端之后结束实验。结束实验之后，学生需要撰写实验报告，此时利用辅助计算系统处理实验数据，免去了复杂的计算过程，将精力集中在对实验涉及原理和实验中遇到问题的思考与领悟上。最后教师可通过教师端可视化分析学生实验操作与得分情况，辅助调节教学计划。
教学流程图如下：

图3 教学流程图
实验流程图如下：

图4 实验流程图
        本虚拟实验平台不仅仅是一个微波暗室的虚拟化，更是从工程教育专业认证的角度出发，培养学生的工程意识，提高工程实践能力，具有重要的意义。","重点：
本项目重点为完美还原微波暗室环境、实验仪器和实验操作流程，同时克服了原本费时费力的实验弊端，保留了真实微波暗室的可操作性和交互性等优点，大大提高了实验效率又不失趣味性，能充分激发学生的学习兴趣，发挥学生的想象力和创造力。同时，大大减少了开发成本，可以让更多通信类专业的学生掌握微波暗室的使用以及天线方向性的测量原理，助力我国高校通信类专业的工程教育专业认证。
         
                        图1 真实微波暗室环境                                                          图2 虚拟微波暗室环境
 
          
                             图3 真实天线架                                                                    图4 虚拟天线架   
 
                                                     图5 真实固定器安装                                                             图6 虚拟固定器安装
 
                                                     图7 真实喇叭天线                                                               图8 3D喇叭天线模型
 
         
                             图9 真实天线安装                                                               图10 虚拟天线安装
 
                                                图11 真实天线安装完成                                                         图12 虚拟天线安装完成    
 
          
                       图13 真实天线测量系统                                                         图14 虚拟天线测量系统","该项目采用了虚拟现实技术实现了微波暗室的虚拟实验，该平台能让使用者对微波暗室的使用和天线测量的原理与操作更加熟悉掌握，可辅助教师进行理论教学及课堂演示，大大降低了实验成本并且提高了学习效率，是对虚拟技术在教学中的一个探索，具有广泛的应用价值与推广意义，同时对高校的工程人才培养有极大的帮助，顺应高校工程教育专业认证的潮流。
      该项目成员积极进取，精益求精，以严谨的态度历时7个月完成了微波暗室VR虚拟实验平台这个项目，从无到有，从不足道完善，成功入围国赛，综合实力很强。","真实微波暗室的造价少则百万多则千万，且维护成本很高。一个微波暗室同时只能有一个人在操作，经过实地考察和测试，一下午的时间只能供两个人完成测试，操作过程需要搬运真实天线与零件，费时费力，效率很低，利用虚拟实验可以很好的克服上述问题。同时我们团队通过对在校学生的调查，发现传统的PC虚拟实验存在枯燥无味，可操作性和交互性差等问题，因此我们团队开发了基于虚拟现实技术和增强现实技术的虚拟实验平台，可操作性和交互性强，趣味性强，自由度高，可激发学生的学习兴趣，开发创新思维，提高动手能力和创新能力。
     同时，当我们遭遇疫情或其他特殊时期，学生无法到学校进行实验，此时虚拟实验平台正好解决了这个难题，可以达到出色的教学效果，为高校工程教育专业认证提供了保障。
     在本次比赛中，我们的两位指导老师尽职尽责，从前期的调研到后期的完善，两位指导老师都参与其中，为我们团队提供了不可或缺的帮助，在此由衷的感谢两位指导老师。",,,"['http://2020.jsjds.com.cn/dasai/assets/uploadFiles/3c7296a36be42439bef74f607d254c67/20200629_161732.jpg', 'http://2020.jsjds.com.cn/dasai/assets/uploadFiles/3c7296a36be42439bef74f607d254c67/20200629_162024.jpg', 'http://2020.jsjds.com.cn/dasai/assets/uploadFiles/3c7296a36be42439bef74f607d254c67/20200629_163834.png', 'http://2020.jsjds.com.cn/dasai/assets/uploadFiles/3c7296a36be42439bef74f607d254c67/20200629_163916.jpg', 'http://2020.jsjds.com.cn/dasai/assets/uploadFiles/3c7296a36be42439bef74f607d254c67/20200629_164202.png', 'http://2020.jsjds.com.cn/dasai/assets/uploadFiles/3c7296a36be42439bef74f607d254c67/20200629_164338.jpg', 'http://2020.jsjds.com.cn/dasai/assets/uploadFiles/3c7296a36be42439bef74f607d254c67/20200629_164446.png', 'http://2020.jsjds.com.cn/dasai/assets/uploadFiles/3c7296a36be42439bef74f607d254c67/20200629_164746.png', 'http://2020.jsjds.com.cn/dasai/assets/uploadFiles/3c7296a36be42439bef74f607d254c67/20200629_164941.png', 'http://2020.jsjds.com.cn/dasai/assets/uploadFiles/3c7296a36be42439bef74f607d254c67/20200629_164959.jpg', 'http://2020.jsjds.com.cn/dasai/assets/uploadFiles/3c7296a36be42439bef74f607d254c67/20200629_165135.png', 'http://2020.jsjds.com.cn/dasai/assets/uploadFiles/3c7296a36be42439bef74f607d254c67/20200629_165150.png', 'http://2020.jsjds.com.cn/dasai/assets/uploadFiles/3c7296a36be42439bef74f607d254c67/20200629_165633.png', 'http://2020.jsjds.com.cn/dasai/assets/uploadFiles/3c7296a36be42439bef74f607d254c67/20200629_165704.png', 'http://2020.jsjds.com.cn/dasai/assets/uploadFiles/3c7296a36be42439bef74f607d254c67/20200629_170926.jpg', 'http://2020.jsjds.com.cn/dasai/assets/uploadFiles/3c7296a36be42439bef74f607d254c67/20200629_171000.png', 'http://2020.jsjds.com.cn/dasai/assets/uploadFiles/3c7296a36be42439bef74f607d254c67/20200629_171248.jpg', 'http://2020.jsjds.com.cn/dasai/assets/uploadFiles/3c7296a36be42439bef74f607d254c67/20200629_171143.jpg', 'http://2020.jsjds.com.cn/dasai/assets/uploadFiles/3c7296a36be42439bef74f607d254c67/20200629_171958.jpg', 'http://2020.jsjds.com.cn/dasai/assets/uploadFiles/3c7296a36be42439bef74f607d254c67/20200629_172441.jpg', 'http://2020.jsjds.com.cn/dasai/assets/uploadFiles/3c7296a36be42439bef74f607d254c67/20200629_172507.jpg', 'http://2020.jsjds.com.cn/dasai/assets/uploadFiles/3c7296a36be42439bef74f607d254c67/20200629_173700.jpg', 'http://2020.jsjds.com.cn/dasai/assets/uploadFiles/3c7296a36be42439bef74f607d254c67/20200629_174250.jpg', 'http://2020.jsjds.com.cn/dasai/assets/uploadFiles/3c7296a36be42439bef74f607d254c67/20200629_174520.jpg', 'http://2020.jsjds.com.cn/dasai/assets/uploadFiles/3c7296a36be42439bef74f607d254c67/20200629_174638.jpg', 'http://2020.jsjds.com.cn/dasai/assets/uploadFiles/3c7296a36be42439bef74f607d254c67/20200629_175953.jpg', 'http://2020.jsjds.com.cn/dasai/assets/uploadFiles/3c7296a36be42439bef74f607d254c67/20200629_180003.jpg', 'http://2020.jsjds.com.cn/dasai/assets/uploadFiles/3c7296a36be42439bef74f607d254c67/20200629_180638.jpg', 'http://2020.jsjds.com.cn/dasai/assets/uploadFiles/3c7296a36be42439bef74f607d254c67/20200629_180650.jpg', 'http://2020.jsjds.com.cn/dasai/assets/uploadFiles/3c7296a36be42439bef74f607d254c67/20200629_180810.jpg', 'http://2020.jsjds.com.cn/dasai/assets/uploadFiles/3c7296a36be42439bef74f607d254c67/20200629_180840.jpg', 'http://2020.jsjds.com.cn/dasai/assets/uploadFiles/3c7296a36be42439bef74f607d254c67/20200629_181011.jpg', 'http://2020.jsjds.com.cn/dasai/assets/uploadFiles/3c7296a36be42439bef74f607d254c67/20200629_181021.jpg', 'http://2020.jsjds.com.cn/dasai/assets/uploadFiles/3c7296a36be42439bef74f607d254c67/20200629_181219.jpg', 'http://2020.jsjds.com.cn/dasai/assets/uploadFiles/3c7296a36be42439bef74f607d254c67/20200629_181230.jpg', 'http://2020.jsjds.com.cn/dasai/assets/uploadFiles/3c7296a36be42439bef74f607d254c67/20200629_181405.jpg', 'http://2020.jsjds.com.cn/dasai/assets/uploadFiles/3c7296a36be42439bef74f607d254c67/20200629_181415.jpg', 'http://2020.jsjds.com.cn/dasai/assets/uploadFiles/3c7296a36be42439bef74f607d254c67/20200629_181610.jpg', 'http://2020.jsjds.com.cn/dasai/assets/uploadFiles/3c7296a36be42439bef74f607d254c67/20200629_181619.jpg']"
http://2020.jsjds.com.cn/chaxun/?keys=68671,刻雾裁风——刻出来的蔚县剪纸,数媒动漫与微电影-纪录片,"2006年5月，蔚县剪纸以剪纸项首位的身份入选第一批国家级非物质文化遗产；2009年10月，蔚县剪纸又名列中国剪纸之首入选世界《人类非物质文化遗产代表名录》。
该纪录片介绍了蔚县剪纸的历史来源、制作流程、艺术特点和文化传承。它是以农民剪纸艺人王进喜、李金花夫妻和第三代世界级非物质文化遗产蔚县剪纸的继承人周志旺和妻子周淑清为中心人物，以蔚县的环境特点为背景，展示了蔚县剪纸作品的瑰丽多彩，体现了众多蔚县剪纸艺术家的风姿风貌。蔚县剪纸在民俗艺术领域所散发出的活力和生命力，仍将会在文化变迁的历史潮流中书写得浓墨重彩、长虹浩荡。",部分剪纸图片：CCTV平昌冬奥会《北京八分钟》中的视频素材；部分AE模版素材；背景音乐有京剧《卖水》、歌曲《我的新衣》、林海民乐集。,无,,该纪录片介绍了蔚县剪纸的历史来源、制作流程、艺术特点和文化传承。它是以农民剪纸艺人王进喜、李金花夫妻和第三代世界级非物质文化遗产蔚县剪纸的继承人周志旺和妻子周淑清为中心人物，以蔚县的环境特点为背景，展示了蔚县剪纸作品的瑰丽多彩，体现了众多蔚县剪纸艺术家的风姿风貌。蔚县剪纸在民俗艺术领域所散发出的活力和生命力，仍将会在文化变迁的历史潮流中书写得浓墨重彩、长虹浩荡。,"1.在完成纪录片脚本的时候，为了更好地多角度展示蔚县剪纸的瑰丽多彩，我们对脚本结构和内容进行了数十次的修改。
2.在拍摄纪录片时，为了使画面丰富多彩，我们用了航拍器、数码照相机、高清摄影机等设备，并进行了全方位地拍摄。为了等上午十点和下午四点时最好的自然光条件，我们连续在外景地拍摄了近一周。
3.在做纪录片后期剪辑合成时，为了突出蔚县剪纸的民族特色和纪录片的民族元素，我们使用PS一幅一幅地扣图，批改后生成带通道的文件导入AE中，制作了片头片尾以及蔚县剪纸的写意段落。","首先，学生们的选题非常契合大赛的要求，很好的介绍和诠释了民间文化艺术——非物质文化遗产蔚县剪纸。
其次，在拍摄的时候采取了全方位多角度的拍摄方式，这也让整个纪录片画面影调和谐，富有层次。
最后，在后期合成的处理上，采用了多种处理方式，比如用PS和AE制作了片头、引子以及写意性的段落，使纪录片衔接自然，包装精美，风格独具。
总的来说，是一件值得推荐的很好的作品。",无,,,['http://2020.jsjds.com.cn/dasai/assets/uploadFiles/a847ec947896cb1994ff8b8fa799b8cf/20200523_160610.JPG']
http://2020.jsjds.com.cn/chaxun/?keys=68576,谁在对面,微课与教学辅助类-中、小学数学或自然科学课程,本课程选题新颖，以如何判断正方体的对立面为教学主题，采用动画制作，真人演出以及特效制作等方式生动形象地展现出了主题。本课程分为情境导入、课堂教学、实验验证、举一反三四个部分，由浅入深。旨在引领同学拓展思维，锻炼空间想象能力，快速解决寻扎正方体对立面的问题。,无,无,,本课程选题新颖，以如何判断正方体的对立面为教学主题，本课程分为情境导入、课堂教学、实验验证、举一反三四个部分，采用动画制作，真人演出以及3D特效制作等方式生动形象地展现出了主题。由浅入深。旨在引领同学拓展思维，锻炼空间想象能力，快速解决判断正方体对立面的问题。,"本课程的设计重点在于帮助学生掌握判断正方体对立面的方法，化繁为简，快速解决实际问题，
难点在于正方体的展开图这一知识点涉及到平面图形与立体图形间的相互转化与判断，转化过程较为抽象，难以准确形象地体现。使用一般微课制作软件较难实现图形立体翻转等效果。",作品选题立意新颖，课程难点重点突出，视频流畅完整。,无,,,"['http://2020.jsjds.com.cn/dasai/assets/uploadFiles/349afd4e7592df0b92dd2f432a11cf13/20200522_165036.png', 'http://2020.jsjds.com.cn/dasai/assets/uploadFiles/349afd4e7592df0b92dd2f432a11cf13/20200522_165012.png']"
http://2020.jsjds.com.cn/chaxun/?keys=68666,书缘,数媒动漫与微电影-微电影,作品是一个关于对中国文化了解差异，而在书法文化中产生冲突的小故事，两个主人公一个受书法家爷爷从小的熏陶，另一个从小在国外长大、留洋归来，在不同的文化背景下长大，却巧合的成为了大学室友，从相识到碰撞，只因从小受到的文化感染和对书法的理解不同，最后通过海报设计比赛这样的一个媒介，加上爷爷与指导老师的调节，两人重新思考了曾经坚信的理念，并且都对中华文化和书法有了更深层次的理解。我们希望通过这个作品将以书法为代表的中国传统文化重新拉进人们的视野，唤醒国人的民族自信与文化自信。,无,使用Windows或Mac系统的剪辑后，用视频软件打开即可。,,在当今年轻人中，传统文化的越来越不被重视。所以在影片中设计出一个从小在西方长大、留洋归来的小马和书香世家的小丁，两个文化背景差异巨大，来突显出在不理解传统文化的时候会产生的冲突，设计出一些困难来体来帮助他理解传统文化的重要性，一改曾经的自大和傲慢，经历成长与蜕变。经历这些事，小马也收获了友情和客服困难的成功。,"重点：
1.整个影片的调性本质上是主人公醒悟改变的过程，所需要在有限的时间内，设计出一个符合常理的变化过程，这个变化过程的两端差异要足够大，且过程需要足够平滑
2.最后的结尾设计上，我们设计了主人公最后看着手里的机票若有所思，最后黑幕，出现一个撕纸的音效。主人公心理发生了变化，但是没有直接表达，而是通过这样一个举动，出乎意料但又在情理之中的结尾。
 
难点：
1.设备问题，整部影片的拍摄只有一个相机，且只有一只28毫米到70毫米的镜头，光圈很小，在室内拍摄的难度极大，每个场景都竟可能的用手头简单的灯来布光，晚上关灯以后的画面更是异常难拍，光线不足的情况下，画面噪点十分严重。
2.场地问题，因为拍摄是疫情期间，大部分的外景都不方便拍摄，宿舍的场景是在旅舍里拍的。
3.演员不是专业演员，是同学出演，在一些情绪表达上很难到位",作品整体表现不错，能够很好地通过主人公的经历表现出传统文化的主题，达到了唤起国人对传统文化的重新认知的目的。结尾出人意料但又在情理之中，拍摄技术尚可，是一部有创意的作品。,第一次从剧本撰写，脚本策划，堪景，实地拍摄到后期剪辑的全过程，与原来预想的过程完全不一样，拍摄时困难重重。但是队员们齐心协力，尝试着去解决各种问题，最终完成这个作品。,,,['http://2020.jsjds.com.cn/dasai/assets/uploadFiles/b21e820902085fc4e787899fc964b534/20200630_043235.jpg']
http://2020.jsjds.com.cn/chaxun/?keys=68689,环游中国去寻鸟,数媒游戏与交互设计-交互媒体设计,"“风朝露夜阴晴里，万户千门开闭时”从古至今，鸟类都是珍贵难言的风景。
本网站搭建了一所百鸟博物馆，以“保护中华鸟类，共建生态文明”为主题理念，用多个窗口展现了各种鸟类的大概分布和简单特征；同时，3D技术的运用使观众身临其境，激发人们对鸟类生活习性、生理特征的探索欲；通过动态地图展示和虚拟模型建立，融合多种现代化体验方式和多维度感官设计，生动再现了繁盛缤纷的鸟类资源，丰富有趣，寓教于乐。
作为新时代的青年，我们关注鸟类生存发展，用科技影像让百鸟自由发言，通过网站呼吁大家坚守对自然的敬畏和对生命的承诺，与鸟类和谐共生。
所谓百鸟声啼，振翅朝凤，自当体察时变，天下化成。","jQuery框架
Bootstrap开源工具包
ECharts可视化库
Verge3D三维互动网页工具包
Blender 开源的跨平台全能三维动画制作软件",我们的项目为网站，但是由于3D模型等资源过大，为了方便老师查看，已封装为应用程序。,,我们作品的思路为制作一个模拟博物馆的3D场景，可通过与场景中的物体交互查看页面；页面包括一个以交互式地图为核心并配合模拟第一人称视角以展示中国各地区鸟类图片的图鉴，以及采用ECharts框架，将多项鸟类数据用图表的方式更直观的表现出来信息图；博物馆中也包含各种立体鸟类展台，可查看鸟类信息以及地理分布；并且可通过博物馆里的门进入多个3D生态场景，并以第一人称视角游览。,"使用Blender制作3D场景，由于电脑配置不足以渲染高质量，但为了确保用户体验，尽可能的在性能与质量之间选取最优解，确保用户能够获得沉浸式体验。
使用Verge3D将3D模型与网页结合，给用户提供了多种可交互选项，制造了生动的3D电子博物馆。
Echarts是商业级数据图表，底层依赖轻量级的canvas类库ZRender，提供直观，生动，可交互，可高度个性化定制的数据可视化图表。创新的拖拽重计算、数据视图、值域漫游等特性大大增强了用户体验，赋予了用户对数据进行挖掘、整合的能力。
为了能使作品更加美观使用了PS,并在网页中穿插了css动画。",无,无,,,"['http://2020.jsjds.com.cn/dasai/assets/uploadFiles/3e078079bf4c2674d776cdeccceddb49/20200630_055227.jpg', 'http://2020.jsjds.com.cn/dasai/assets/uploadFiles/3e078079bf4c2674d776cdeccceddb49/20200630_055238.jpg', 'http://2020.jsjds.com.cn/dasai/assets/uploadFiles/3e078079bf4c2674d776cdeccceddb49/20200630_040217.jpg', 'http://2020.jsjds.com.cn/dasai/assets/uploadFiles/3e078079bf4c2674d776cdeccceddb49/20200630_040226.jpg', 'http://2020.jsjds.com.cn/dasai/assets/uploadFiles/3e078079bf4c2674d776cdeccceddb49/20200630_035142.jpg', 'http://2020.jsjds.com.cn/dasai/assets/uploadFiles/3e078079bf4c2674d776cdeccceddb49/20200630_035106.jpg', 'http://2020.jsjds.com.cn/dasai/assets/uploadFiles/3e078079bf4c2674d776cdeccceddb49/20200630_034737.jpg']"
http://2020.jsjds.com.cn/chaxun/?keys=68684,梦回,数媒游戏与交互设计-游戏设计,游戏使用UNITY开发引擎搭建，素材都来自于UNITY官网的ASSERT STORE为官方免费素材，场景搭建，关卡设计等各项系统皆为团队成员完成。本游戏是一款3D 第三人称解密类游戏，讲述的是主人公在梦境中拯救被黑心商家捕获的濒临灭绝鸟类的故事。旨在让人们意识到鸟类对于生态的重要性，呼吁人们保护鸟类，保护生态多样性。,UNITY2019.3.0F6(64-BIT),本作品需要安装UNITY引擎组件，安装完成后直接运行.exe文件即可运行,,本作品开发之前就已经确定使用UNITY引擎开发，因为UNITY引擎足够优秀且使用方便。开发思路为先确定人称视角，3D，以及游戏类型，最后定义为第三人称3D视角冒险解密类游戏。游戏剧本结合时事，略带超现实主义，主题为营救鸟类的故事，希望能够引发玩家对于保护鸟类和保护环境的的思考。,游戏设计的难点为，构成游戏的各组成系统是成员亲自开发的。3D模型的建造是个十分困难的过程，而官方的免费资源其实比较匮乏，且许多模型版本不兼容，不能完全满足对于开发游戏的需求，而且许多模型并不是自带动画的，场景动画人物动画都需要自己设计，本游戏的人物动画为成员自己设计的骨骼动画，对于从未接触过3D模型建造的成员来说是一大难点。,游戏设计思路清奇有趣，游戏内容扣合主题，能够引发玩家思考。场景搭建精美，人物与场景的交互性强，符合参赛标准。,由于成员中没有学习过3D模型搭建，所以场景和人物模型皆为UNITY官方免费资源，场景和人物动画皆为成员自己制作的骨骼动画。,,,"['http://2020.jsjds.com.cn/dasai/assets/uploadFiles/b4958c47c973a9437762dac2112e3b47/20200523_084415.png', 'http://2020.jsjds.com.cn/dasai/assets/uploadFiles/b4958c47c973a9437762dac2112e3b47/20200523_084450.png', 'http://2020.jsjds.com.cn/dasai/assets/uploadFiles/b4958c47c973a9437762dac2112e3b47/20200523_084547.png', 'http://2020.jsjds.com.cn/dasai/assets/uploadFiles/b4958c47c973a9437762dac2112e3b47/20200523_084515.png']"
http://2020.jsjds.com.cn/chaxun/?keys=68628,《乌衣巷》,微课与教学辅助类-汉语言文学（唐诗宋词）,"《乌衣巷》是中小学必背的一首抚今吊古诗篇，它出自唐代诗人刘禹锡的笔下。南京秦淮河广为大众所知，但应该极少有人注意到乌衣巷的存在，乌衣巷正是秦淮河畔朱雀桥边的一处古巷。
微课作品《乌衣巷》的选题源自于我们对于南京这座城市的热爱，作为在南京本地读书的学子，走过了很多南京的地方，感受了很多历史古迹，会更加感慨这个城市的千古魅力，于是我们将选题范围定在了南京。
通过作品的诠释，可以了解到《乌衣巷》这首诗的作者简介、诗词背景、诗意及赏析，在课程末我们加入了习题来检测同学们的学习情况。针对不同学习情况的学生，课后要进行巩固或者拓展，为此我们做了一个配套的网页资源，里边提供了详细的课内信息以及课后拓展信息。",本作品使用了百科部分资料,使用通用的媒体播放器播放，无需安装,"开头

 
诗词朗读
诗意解读
诗词赏析
习题","本次微课作品《乌衣巷》的选题源自于我们对于南京这座城市的热爱，作为在南京本地读书的学子，走过了很多南京的地方，感受了很多历史古迹，会更加感慨这个城市的千古魅力，于是我们将选题范围定在了金陵古城，《乌衣巷》便是一首与南京城有关的怀古诗，“乌衣巷”有着一段很悠久的历史并且至今存在，值得同学们去学习了解。众人所知，南京是我国的一个重要历史城市，是“六朝古都”。透过这首诗，同学们不仅可以学习到这一篇诗词，还可以了解南京的一部分历史，所谓是一箭双雕。
为了使《乌衣巷》得到更好的诠释，我们将整个诗词讲解分为了以下八个部分。
开头：这部分的用途是给课程做一个开场，引出接下来的课程。在画面的左上角，我们绘制了一位穿着蓝色西装的男生，作为课程讲解的主人公。
诗词朗读：作为一首古诗，这一部分，我们采用了书法的笔触手写了整首诗，使用逐帧动画逐字出现。因为《乌衣巷》是一首中小学必背的古诗，所以本作品将受众范围定为高年级小学生。因此，本部分的书法文字是端正的，而没有采用其它字体。旨在让同学们在听课文朗读的同时，看着课文，并且出声朗读，便可以加深印象。
乌衣巷的名称由来：此部分我们原想拍摄乌衣巷的实景来插入视频，但是由于疫情，没能去到乌衣巷。此部分是叙述性文字，乌衣巷的由来共有三种说法，我们考虑了很多种表现方式，最终我们采用了手绘动画将三个说法串了起来，使得故事更加生动。
诗意解读和重点词解释：这一部分主要介绍白话诗意以及几个重点词。我们采用了一个火柴人的动画，将句子从左到右呈现。
诗词赏析：这一部分文字较多，不需要太多画面感，于是我们采用了来制作这一部分。利用前面分句画的画作为背景，将每一句的赏析都标在上，并用不同颜色来强调突出一些重点。方便同学们在观看的时候，可以点击暂停在书上相对应的句子后边记一些笔记。
习题：习题部分用来检测同学们的课堂检测情况，并且对每一个题目都做出了解析。
结尾：结尾用来引出下一部分网页。
网页：网页提供了上课教学的一些文字资料，以及《金陵五题》的课后拓展。既能方便同学们复习，又可以拓展一些课外知识。",因为我们的受众范围是小学生，微课必须生动形象，我们就想到了以动画、手绘的方式呈现。但是我们几位参赛人员在这方面并不专业，于是我们学习观摩了很多动画教学视频，利用上了手头现有的一些工具进行绘画制作。我们在制作动画的时候，采用了Flash，Flash的动画导出格式并非mp4格式，因此我们对视频进行了格式转换，使得作品最终呈现为mp4格式。,此作品站在受众范围的角度对教学进行设计，涉及到的知识很全面，整个作品非常生动形象，利用了手绘及动画，学生在这一块学习上从无知到略懂，中间的过程真的很努力,参加比赛的过程也是一个学习的过程，在比赛筹备过程中我们几个人不断突破了自我，将所学的东西都用了起来。我们更加懂得了团队凝聚力的重要性，其中不仅包括分工，最重要的是对队友的宽容与鼓励。我们给自己定下的标语是：三四月的努力与汗水，七八月自有回报。,,,"['http://2020.jsjds.com.cn/dasai/assets/uploadFiles/d26a5097eafe64a1548bab28e94782a6/20200513_184820.png', 'http://2020.jsjds.com.cn/dasai/assets/uploadFiles/d26a5097eafe64a1548bab28e94782a6/20200513_184931.png', 'http://2020.jsjds.com.cn/dasai/assets/uploadFiles/d26a5097eafe64a1548bab28e94782a6/20200513_185152.png', 'http://2020.jsjds.com.cn/dasai/assets/uploadFiles/d26a5097eafe64a1548bab28e94782a6/20200513_185229.png', 'http://2020.jsjds.com.cn/dasai/assets/uploadFiles/d26a5097eafe64a1548bab28e94782a6/20200513_185253.png']"
http://2020.jsjds.com.cn/chaxun/?keys=68641,基于人工智能的护花系统,物联网应用-数字生活,在这个人工智能护花系统中，特征在于语音系统，无需手动控制；花盆追光和遮光，科学化照顾；Al识别花种；浇水、补光的一些远程操控和自动化；检测到有毒气体过多，启动驱散烟雾系统；雨水量过大，防暴雨系统启动。这些都体现出来系统的全能性、节能性、高效性和精确性，实现了园林的自动化、智能化和简单化。同时这个系统可以同花盆运动太阳能充电，全天系统工作，数据不断上传更新。,代码全为原创，开发过程中使用python3.7的IDE和C语言/Ardunio来制作系统,"使用太阳能板传输电能给储蓄电池，储蓄电池通过变压输出给Linux单板计算机与Arduino主板进行供电。
       Arduino方面将光敏传感器安装在4个不同方位、土壤湿度传感器安装在花盆中、雨滴传感器、烟雾传感器安装在舵机周围、水位传感器，水泵接入到蓄水池，最后将信号引脚连接到Arduino的模拟引脚口，来测量模拟值，并通过串口通信将数据传给Linux单板计算机。Arduino与舵机驱动板相连接，将舵机连接在舵机驱动板上对舵机进行控制，警报LED灯安装在支撑面上、蜂鸣器报警装置安装在支撑面下，信号引脚连接在Arduino的信号引脚口，通过信号对比控制高低电频的输出。舵机系统分别安装在装置的两个对角，一个控制花盆追光，另一个控制挡板进行补光、遮雨。
       Linux单板计算机方面与摄像头麦克风进行USB口连接安装在支架上，摄像头对准花盆中的植物、光敏传感器、触摸传感器分别接在支撑面上、补光LED灯安装在植物最适补光点的位置上。Linux单板计算机与网络连接，数据上传至云端，通过web端APP显示给用户，用户也可以远程对护花系统操控、数据检测。Linux单板计算机与Arduino通过串口连接，进行串口通信。
      手机客户端通过扫描二维码来下载APP应用。网页客户端通过搜索域名地址进行访问。","图1     Web端界面
   
图2     APP界面
 

图3    设备侧面图

图4  设备正面图
 

图5  设备背面图",由于林园昂贵花卉的养植极其复杂，人工培育昂贵花卉会出现很多的问题，培养过程中不能够及时对其进行照顾，并且人工培育的精准性和科学性较为欠缺，因此需要一个24小时不间断过的养植花卉系统。在花卉养植过程中需要对数据进行实时监控和执行一系列的动作的配合，达到昂贵花卉需要的最佳生长环境。受光的影响下，系统通过4个不同方位的光敏值来确定花卉的受光方向，舵机通过PD算法把花卉转到最合适的方位，使花卉的每一个部位受到充足的光。当光线不足情况下系统对花卉进行补光，当光线过强时系统对花卉进行遮光，从而花卉在阳光变换下进行精准性的照料。受水的影响下，系统通过土壤湿度的值对土壤进行补水，使花卉在良好的水土比例上生长，在提供水源的水槽上添加了水位警报，当水量准备不足时，警报响起已达到对工人提醒作用。在受到暴雨侵袭时，系统检测到短时间有大量雨水，遮板打开。这样保证了花卉不会受到雨水的破坏。在空气质量影响下，系统检测出环境中对植物生长产生抑制作用的气体含量，当气体环境处于非适状态时会启动驱散烟雾系统和警报系统，防止有害气体对昂贵花卉影响。花卉养植加入人工智能，使系统养花贴近于生活化，人工照料时操作方便，系统带有语音控制、远程控制和AI识别。AI识别花卉，系统得出花卉的信息，从而系统得出相应花卉的数据进行精准照顾。所有的数据通过Linux单板计算机的边缘计算处理数据上传云端，使工人可以了解花是否正常生长查看相应花卉的历史数据，工人也可以通过APP和Web查看花卉当时的状态。在整个系统使用了太阳能供电，体现了节能环保。现在的昂贵花卉养植主要还是人工培养，无法对花卉进行更精准的照顾，难以保证花卉的养护质量，甚至由于养护不当，导致花草凋谢枯死，反而损失巨大，不利于心里健康。因此，基于人工智能技术，研发设计一套适合“懒人”养花的人工智能的护花系统，对现阶段的昂贵花卉种植具有重要的实用价值。基于人工智能的护花系统解决了养花护花的问题。,"(1) 通过PD算法实现追光和补光。
(2) 通过AI识别技术识别不同植物品种，对不同品种植物采取不同策略的养殖方案。
(3) 检测当前周围的大体环境状况，通过温湿度传感器去检测环境参数，并上传云端。
(4) 使用语音识别技术，语音控制系统进行浇水、补光等功能。
(5) 使用传感器检测空气环境，通过机器学习算法判断空气质量，进行预警和驱散烟雾的功能。
(6) 在双机通信采用了校验位，防止数据丢失。
(7) 在Linux单板计算机采用边缘算法的归一化模型把数据进行处理上传。",该作品来自于人们生产生活的实际需求，可以提高生活品质，降低园林等机构养护的成本，提高植物生长质量，具有很好的实用价值。作品包括环境监测、控光补水、云端存储、Web端和移动端查看等部分，系统结构完整，设计较为完善。系统中，追光采用了PD算法和归一化模型，环境监测、花卉识别采用了机器学习算法，传输采用MQTT协议，云端采用了微服务架构，技术含量较高，具有一定的前沿性。团队成员基础扎实，动手能力较强，分工合理，合作较好，作品完成度较高。,本项目基于人工智能的护花系统主要是在人工护植的时代，已经跟不上现在人工智能护植的时代。在人工培养的情况下出现了植物的慢性代谢，导致大量的财力、精力损失，因为在人工培养下不能做到精准化和科学化的照顾。所以我们做出来这个系统，主要为了昂贵的植物进行照顾，对植物进行精致化、科学化生长照料，实现了昂贵植株的自动化、智能化和简单化养植。同时这个系统可以同花盆运动太阳能充电，全天系统工作，数据不断上传更新。后期我们将对系统做进一步完善，GPS地区地位式推荐养植，确保在不同地区，不同气候都达到最适养植环境。团队在开发项目中，每个人紧跟着自己的任务，不拖拉团队的进度，而且都要有明确的分共合作，大家互相帮助。每位队友都按着需求的进行项目，最后都完成的非常好。我们对实物的完成到外观的包装再到测试系统进行，按照了说明书的需求来展示了完善的作品。通过本次设计让我进一步了解物联网与人工智能系统的运用，设计上体现绿色、经济、环保、节能的思想。,http://www.njpjznyj.cn/page/211491,,"['http://2020.jsjds.com.cn/dasai/assets/uploadFiles/77044365fcc8b8948cad4ba9cdfda115/20200514_134755.png', 'http://2020.jsjds.com.cn/dasai/assets/uploadFiles/77044365fcc8b8948cad4ba9cdfda115/20200514_134717.png', 'http://2020.jsjds.com.cn/dasai/assets/uploadFiles/77044365fcc8b8948cad4ba9cdfda115/20200626_042515.jpg', 'http://2020.jsjds.com.cn/dasai/assets/uploadFiles/77044365fcc8b8948cad4ba9cdfda115/20200626_042840.jpg', 'http://2020.jsjds.com.cn/dasai/assets/uploadFiles/77044365fcc8b8948cad4ba9cdfda115/20200626_042902.jpg']"
http://2020.jsjds.com.cn/chaxun/?keys=68639,基于物联网的一体化智能体测系统,物联网应用-运动健身,本作品为基于物联网的一体化智能体测系统，利用无线传感技术，具备人脸识别身份验证，抢跑、作弊、超时、全程监控的检测功能以及上传、查询成绩的功能。将AI技术和IoT技术的深度融合，处理视频流技术，利用视频模糊人脸定位并识别是否有非本人人脸出现，做到智能追溯与判定成绩有效性。通过利用Friis公式算法进行计算设备天线长度。设备接口扩充容易，工作流程完善且操作简易，使用多种安全策略可保证设备本体安全及数据上传安全，配套独立开发移动端和PC端的应用程序及Linux单板计算机下执行的独立开发人脸识别终端。本系统可使中小学及高校学生，通过自助预约实现分流测试，打破传统的集中式体能测试的弊端，充分解放教师资源,"软件使用了Spring框架；
硬件使用了乐鑫SDK；
服务器：阿里云服务器；
域名：njpj.js.cn","硬件安装流程：
      ①根据安装结构图摆放设备
      ②数据传输单元开机，进行手机卡拨号连接网络
      ③Linux单板计算机开机，启动内置程序
      ④将光电传感器安装在承物杆上，承物杆插入底座，设备安装完毕，进行连接测试
      ⑤起点设备开机，并检测光电传感是否工作，起点设备OLED屏幕点亮：显示“体测系统”
      ⑥终点设备开机，并检测光电传感是否工作，起点设备OLED屏幕显示：“体测系统：已连接”
      ⑦抓拍摄像头开机，接入无线热点，自动录制视频

    图1 安装结构图
 
软件安装流程：
      ①安卓APP安装过程：
      通过扫描二维码从云服务器下载APK文件至手机内，安装APK至安卓系统中。
                                                               
图2 下载二维码
      ②Web网页端安装过程：
      采用B/S架构，用户无需安装。通过域名(njpj.js.cn)直接访问Web网页。","图3 实际整体安装效果图
 

图4 起点设备图
 

图5 起点身份验证设备图
 

图6 终点设备图
 

图7 视频监控设备图
 
                                     
 图8 APP效果图
 

图9 管理员Web成绩查询效果图
 

图10 Web数据分析效果图
 

图11 移动Web查询成绩效果图","一、系统总体设计
       如图1所示，感知层主要由起点终端，终点终端，数据传输单元三部分组成，传输层由数据传输单元将数据传输至云服务器，应用层由云服务器与用户智能终端与Web服务器终端双向通信。

            图12 系统总体设计       
 
二、下位机总体框架
       如图2所示，起点下位机包括第一微控制器、按键模块、第一光电传感器、语音录放模块、音频功放模块、OLED显示屏，终点下位机包括第二微控制器，第二光电传感器。
 

图13 下位机总体框架
 
三、上位机总体框架
       如图3所示，上位机主要由人脸识别软件，百度云人脸识别服务器，用户移动APP端，PC用户Web端构成，人脸识别软件进行身份验证。

图14 上位机总体框架","1、利用无线传输技术，无需布线，不受条件的限制，消除线材带来的时延。
2、使用AIoT融合AI技术和IoT技术，将设备发送指令至无线摄影装置，进行全程跑步录制，并进行自主开发的视频流逐帧处理技术，视频模糊人脸定位并识别是否有非本人人脸出现，做到智能追溯与判定有效性。
3、开发Web与APP，利用加密算法、预测算法，提供深度的云服务。
4、智能无人式自助测验，避免人群聚集，具有预约测验功能。
5、支持抢跑、作弊、超时等多模式判别。
6、实时更新跑道占用情况，占用下则自动推荐其他跑道。
7、对用户数据进行分析处理，分析用户的成绩分布及通过率
8、每套体测设备都支持多种跑步模式选择，可远程OTA升级系统固件。",该作品来源于响应阳光体育号召，解放教师人力资源，增强体测成绩真实性，具有较强的实用价值和使用意义。作品包括硬件下位机、安卓APP、网页Web端等部分，系统结构完整。系统下位机采用漫反射传感器检测人员通过，远程OTA升级系统固件，无线网络传输数据，支持多模式判别，成绩数据上传至云服务器，下位机满足系统实际使用的时延要求。上位机具有人脸识别、数据传输采用算法加密、实时更新跑道占用情况、实时查询成绩的功能，将AI技术和IoT技术的深度融合，处理视频流技术，利用视频模糊人脸定位并识别是否有非本人人脸出现，做到智能追溯与判定成绩有效性，具有一定的创新性和前沿性。团队成员具有较好的知识基础和动手能力，团队分工合理，配合较好，时间安排得当，较好地完成了作品和相关参赛材料。,总结这次收获与心得，我认为收获最大的不仅是专业知识，更多的是锻炼开发自己解决实际问题的综合能力。在解决减少下位机设备之间通信时延的问题时，不断查看文献、查找资料，更换下位机通信方案，最后系统达到了时延标准。在竞赛过程中不断的培养团队协作的能力，注重性格的磨合，在比赛中培养敢打敢拼，不怕困难，不怕辛苦的精神。让自己通过这次计算机设计大赛后可以真正的有所收获，将这种参赛的精神带到生活中，不断激励自己成长。,http://njpj.js.cn/,http://106.14.57.76/,"['http://2020.jsjds.com.cn/dasai/assets/uploadFiles/cd5871ef63febcf4740517e91a8940e7/20200627_155655.png', 'http://2020.jsjds.com.cn/dasai/assets/uploadFiles/cd5871ef63febcf4740517e91a8940e7/20200514_055543.png', 'http://2020.jsjds.com.cn/dasai/assets/uploadFiles/cd5871ef63febcf4740517e91a8940e7/20200627_155838.jpg', 'http://2020.jsjds.com.cn/dasai/assets/uploadFiles/cd5871ef63febcf4740517e91a8940e7/20200627_161347.jpg', 'http://2020.jsjds.com.cn/dasai/assets/uploadFiles/cd5871ef63febcf4740517e91a8940e7/20200627_161533.jpg', 'http://2020.jsjds.com.cn/dasai/assets/uploadFiles/cd5871ef63febcf4740517e91a8940e7/20200627_161546.jpg', 'http://2020.jsjds.com.cn/dasai/assets/uploadFiles/cd5871ef63febcf4740517e91a8940e7/20200627_162924.jpg', 'http://2020.jsjds.com.cn/dasai/assets/uploadFiles/cd5871ef63febcf4740517e91a8940e7/20200627_163839.png', 'http://2020.jsjds.com.cn/dasai/assets/uploadFiles/cd5871ef63febcf4740517e91a8940e7/20200515_024354.jpg', 'http://2020.jsjds.com.cn/dasai/assets/uploadFiles/cd5871ef63febcf4740517e91a8940e7/20200514_115225.jpg', 'http://2020.jsjds.com.cn/dasai/assets/uploadFiles/cd5871ef63febcf4740517e91a8940e7/20200514_114535.jpg', 'http://2020.jsjds.com.cn/dasai/assets/uploadFiles/cd5871ef63febcf4740517e91a8940e7/20200627_165600.jpg', 'http://2020.jsjds.com.cn/dasai/assets/uploadFiles/cd5871ef63febcf4740517e91a8940e7/20200627_155723.png', 'http://2020.jsjds.com.cn/dasai/assets/uploadFiles/cd5871ef63febcf4740517e91a8940e7/20200514_105329.jpg']"
http://2020.jsjds.com.cn/chaxun/?keys=68634,基于云服务的桥梁微变感知系统,物联网应用-城市管理,本作品为基于云服务的桥梁微变感知系统，分为现场监控装置、无线传输、远程监控与服务软件三部分。利用机器视觉感知技术，具备实时监测、多种数据分析、预警、桥梁管理等功能。设备接口扩充容易，工作流程完善且操作简易。配套独立开发以微服务微架构的APP端和Web端的应用程序。微服务间使用OAuth2.0安全协议并且接口间采用混合加密技术保证设备本体安全以及数据上传安全。本系统通过对桥梁挠度、结构位移、运动角加速度、磁场等数据监测，全方位多维度监测桥梁，并建立基于时间预测(ARIMA模型)对桥梁微变进行趋势预测。在物联网下，实现了一体化监测，保障桥梁安全。,"软件使用了SpringCloud.框架；
服务器：阿里云服务器；
调用OpenCV算法库,","硬件安装：
 
     （1）在linux单板计算机中，存入一个properties文件，包含两个key/value键值对启动程序读取properties文件，完成桥梁认证；
     （2）进行下图所示硬件安装，启动linux单板计算机以及数据传输单元；
     （3）打开激光发射器，打在激光定位图上；
     （4）算法测试校准坐标相对零点；
     （5）视频流收集数据传输单元进行远程传输，传入云服务器，云服务器与服务终端通信；
                                    
                                                        图 桥梁安装模型
web端：
    因采用B/S架构设计，则无需安装，登录http://njpj.bj.cn即可使用。
app端：
     在百度云作品与答辩材料中点击名为""桥梁感知中心""的apk文件进行安装。","安装实物效果图：
     
                    图 现场实物效果图                                 图 实物内部构造图
 
web端展示效果图：
   
                    图 web端登录界面                                           图 web端首页
 
  
           图 web端实时预览界面（1）                          图 web端实时预览界面（2）
 
  
                    图 桥梁管理（1）                                          图 桥梁管理（2）
  
                   图 桥梁管理（3）                                            图 桥梁管理（4）
  
                   图 桥梁管理（5）                                            图 桥梁管理（6）
  
                   图 桥梁管理（7）                                            图 桥梁管理（8）
                       
                    图 桥梁管理（9）                                                  图 短信预警
 
3、app端效果图：
          
      图 登录界面                  图 首页                  图 实时预览              图 桥梁管理             图 预警方案","如下图所示，系统感知层由视频接收端，陀螺仪角加速度监测端以及激光发射端三部分组成，传输层由数据传输单元上传至云服务器，应用层由云服务器与用户移动端（APP）以及Web监控端双向通信
                                            
                                                                    图 系统总体设计图
        在硬件系统设计上，在现场监测端引入高速Linux单板计算机机为核心的控制系统，摄像头进行视频流收集图像。同时，基于DHT22温湿度传感器，设计温湿度检测模块获取现场的温湿度数据，利用陀螺仪水平放置桥梁顶面监测角加速度等，将数据通过数据传输单元到云端服务器，从而保证采集的视频图像与温湿度数据以及角加速度等数据实时传送到控制中心。
      在软件设计上，云端获取光斑彩色图像后，使用滤波、去噪、图像彩色模型等算法进行机器视觉预处理，采用二维定位技术获得精确的桥梁微动信息。温湿度数据和各种桥梁微动数据输入到服务端，服务端以微服务框架为架构。监控中心客户端向服务端发送数据请求，该请求通过网关到达微服务应用。微服务根据请求调用数据库中的相应数据，通过前端展示给用户。
                                               
                                                                      图 总体框架","1、用二维定位方法，利用机器视觉感知技术对图像进行处理，是本系统核心技术。
2、基于ARIMA的时间序列模型，预测桥梁未来的微变趋势。
3、使用OAuth2.0安全协议，解决用户授权第三方的应用程序访问用户的web资源时，不需要向第三方应用程序透露自己的密码。
4、RSA公钥对AES密钥进行加密，加密后的结果传递给接收方，接收方用RSA私钥解密后，得到AES密钥，最后使用AES密钥解密，从而达到安全互通数据的目的。
5、后端部署采用微服务架构，解决了平台耦合度过高、功能重用率低、独立扩展性低、稳定性差以及规模化部署困难等问题。
6、监测数据比较全面，包括桥梁挠度、结构位移、温湿度、角加速度、角度以及磁场，多因子监测桥梁健康。",该作品基于云服务，用于监测桥梁结构的健康状态，保障桥梁的运行安全，具有较强的实用价值和现实意义。作品包括前端数据获取、无线传输、云端处理、终端查看等部分，系统结构完整。系统采用激光检测微变，具有多种数据显示方式和预警方式，能够满足系统的基本要求。云端采用了微服务架构，具有负载平衡能力，图像处理、位置检测和健康预警有自己的想法和改进，具有一定的创新性和前沿性。团队成员具有较好的知识基础和动手能力，团队分工合理，配合较好，时间安排得当，较好地完成了作品和相关参赛材料。,通过这次比赛，我们团队分工合作，合理安排时间，为了梦想而奋斗，为了知识而拼搏，在坚持不懈的努力下，团队一起在知识的海洋里遨游，克服重重困难，学习相关知识，成功的实现了相应功能，并且相应功能具有我们团队自己的想法和创新。,http://njpj.bj.cn,,"['http://2020.jsjds.com.cn/dasai/assets/uploadFiles/d925dc559b2ba5676f592190bd351719/20200627_163430.png', 'http://2020.jsjds.com.cn/dasai/assets/uploadFiles/d925dc559b2ba5676f592190bd351719/20200627_031321.jpg', 'http://2020.jsjds.com.cn/dasai/assets/uploadFiles/d925dc559b2ba5676f592190bd351719/20200514_160209.jpg', 'http://2020.jsjds.com.cnC:\\Users\\qq142\\Desktop', 'http://2020.jsjds.com.cn/dasai/assets/uploadFiles/d925dc559b2ba5676f592190bd351719/20200627_031613.png', 'http://2020.jsjds.com.cn/dasai/assets/uploadFiles/d925dc559b2ba5676f592190bd351719/20200627_031752.png', 'http://2020.jsjds.com.cn/dasai/assets/uploadFiles/d925dc559b2ba5676f592190bd351719/20200627_031912.png', 'http://2020.jsjds.com.cn/dasai/assets/uploadFiles/d925dc559b2ba5676f592190bd351719/20200627_031936.png', 'http://2020.jsjds.com.cn/dasai/assets/uploadFiles/d925dc559b2ba5676f592190bd351719/20200627_032118.png', 'http://2020.jsjds.com.cn/dasai/assets/uploadFiles/d925dc559b2ba5676f592190bd351719/20200627_032209.png', 'http://2020.jsjds.com.cn/dasai/assets/uploadFiles/d925dc559b2ba5676f592190bd351719/20200627_032911.png', 'http://2020.jsjds.com.cn/dasai/assets/uploadFiles/d925dc559b2ba5676f592190bd351719/20200627_032931.png', 'http://2020.jsjds.com.cn/dasai/assets/uploadFiles/d925dc559b2ba5676f592190bd351719/20200627_033045.png', 'http://2020.jsjds.com.cn/dasai/assets/uploadFiles/d925dc559b2ba5676f592190bd351719/20200627_033111.png', 'http://2020.jsjds.com.cn/dasai/assets/uploadFiles/d925dc559b2ba5676f592190bd351719/20200627_033156.png', 'http://2020.jsjds.com.cn/dasai/assets/uploadFiles/d925dc559b2ba5676f592190bd351719/20200627_033229.png', 'http://2020.jsjds.com.cn/dasai/assets/uploadFiles/d925dc559b2ba5676f592190bd351719/20200627_033305.png', 'http://2020.jsjds.com.cn/dasai/assets/uploadFiles/d925dc559b2ba5676f592190bd351719/20200515_030402.jpg', 'http://2020.jsjds.com.cn/dasai/assets/uploadFiles/d925dc559b2ba5676f592190bd351719/20200627_033503.png', 'http://2020.jsjds.com.cn/dasai/assets/uploadFiles/d925dc559b2ba5676f592190bd351719/20200627_033648.png', 'http://2020.jsjds.com.cn/dasai/assets/uploadFiles/d925dc559b2ba5676f592190bd351719/20200627_033629.png', 'http://2020.jsjds.com.cn/dasai/assets/uploadFiles/d925dc559b2ba5676f592190bd351719/20200627_033659.png', 'http://2020.jsjds.com.cn/dasai/assets/uploadFiles/d925dc559b2ba5676f592190bd351719/20200627_033542.png', 'http://2020.jsjds.com.cn/dasai/assets/uploadFiles/d925dc559b2ba5676f592190bd351719/20200627_131935.jpg', 'http://2020.jsjds.com.cn/dasai/assets/uploadFiles/d925dc559b2ba5676f592190bd351719/20200627_164711.jpg']"
http://2020.jsjds.com.cn/chaxun/?keys=68596,灾难救援机器人,人工智能-人工智能实践赛,"在灾难环境中，救灾面临的一个重大问题就是救援人员对灾难现场的环境的有效情况把握的不够充分，这容易造成较大的风险与牺牲。传统的灾难探测机器人需要人为进行干涉才能发挥一定的作用，而且存在不能综合利用多种感知手段进行三维环境感知、缺少多机协同工作的智能调度系统等问题。
基于以上考虑，我们设计了这套替代人工进行灾害环境探测与救援的机器人系统。机器人系统主要有自动驾驶与三维环境探测，动态环境感知与路径规划，动态目标识别与跟随，多传感器融合导航系统，多机互联与智能调度系统等功能。可以在多种环境下感知周边环境，为救援人员提供更多灾难现场的有效信息。",使用ROS开源软件架构搭建系统环境，使用YOLO、OPEN CV开源目标识别框架搭建目标识别功能。,作品安装详见演示视频。,,,"重点与难点：
1、ROS系统软件开发，充分利用ROS系统的特性进行资源整合，设计出符合救援环境所需要的SLAM功能
2、利用多传感器构建融合导航系统，以满足系统在未知环境下稳定可靠的工作
3、系统嵌入深度学习框架，方便用户进行功能拓展
4、统一各个机器人之间互联的接口，方便进行同一环境下的互联与调度",该作品，充分运用ROS系统的特性，结合实际生产生活需求进行设计并特别创新设计了融合导航系统与调度系统，具有很好的应用前景。,由于作品填报系统设计问题，详细演示效果请参见演示视频，谢谢！,,,"['http://2020.jsjds.com.cn/dasai/assets/uploadFiles/cced3d9bf566f0bae3d64cc57c2fcd16/20200523_105658.jpg', 'http://2020.jsjds.com.cn/dasai/assets/uploadFiles/cced3d9bf566f0bae3d64cc57c2fcd16/20200523_105135.png', 'http://2020.jsjds.com.cn/dasai/assets/uploadFiles/cced3d9bf566f0bae3d64cc57c2fcd16/20200523_105153.png', 'http://2020.jsjds.com.cn/dasai/assets/uploadFiles/cced3d9bf566f0bae3d64cc57c2fcd16/20200523_105214.png', 'http://2020.jsjds.com.cn/dasai/assets/uploadFiles/cced3d9bf566f0bae3d64cc57c2fcd16/20200523_105224.png', 'http://2020.jsjds.com.cn/dasai/assets/uploadFiles/cced3d9bf566f0bae3d64cc57c2fcd16/20200523_105235.png', 'http://2020.jsjds.com.cn/dasai/assets/uploadFiles/cced3d9bf566f0bae3d64cc57c2fcd16/20200523_105510.png', 'http://2020.jsjds.com.cn/dasai/assets/uploadFiles/cced3d9bf566f0bae3d64cc57c2fcd16/20200523_105856.png']"
http://2020.jsjds.com.cn/chaxun/?keys=68626,全面建成小康社会数据可视化,信息可视化设计类-数据可视化,2020年是全面建成小康社会的决胜期，自20世纪70年代末80年代初提出以后，我国为这个美好目标自始至终努力着、奋斗着。本作品利用数据可视化的技术，将小康社会的十项指标分为“1 2 3 4”四个类别，分别用合适图表承载这几十年的我国经济、扶贫、发展壮大、人民富裕的动态数据。本作品不仅仅对过去几十年间，各项指标数据进行汇总，更对2020年经济发展以及扶贫攻坚战做出了合理的预测。本作品涉及到的可视化类型众多，如动态区域分布图，拉普拉斯图，组合图等图表，同时兼顾科学、准确的数据采集。将二者完美地结合在一起。,无,"本作品属于web类作品。我们已经将其成功部署在服务器上。
查看方式1：
访问以下网址即可进入。http://139.129.95.0:8080/BI/decision/v5/design/report/share/14bb7d91d0274b6da69ad7c83540f66b?link=eyJhbGciOiJIUzI1NiJ9.eyJyZXBvcnRJZCI6IjE0YmI3ZDkxZDAyNzRiNmRhNjlhZDdjODM1NDBmNjZiIiwidXNlcklkIjoiYjVmMGMyZWUtNjQwZi00MDM5LWE0ZDQtOTE4YjU1MzU0ODk4IiwianRpIjoiand0In0.mpzlxe2dxPgqCrKDR-lRrAURc0CeTmmQdL5XSEztsC8
查看方式2：
扫描以下二维码即可进入。",,"1.围绕“全面小康十项标准”搜集数据；
2.为每个标准确定合适的可视化图表；
3.用FineBI整合可视化信息页面；
4.将网页部署与发布。","1.数据来源的完整性和准确性；
2.可视化表格的选取；
3.FineBI软件的嵌入。",作品新颖，主题明确，与时代政策结合紧密，意义深远。,本作品因js渲染特殊，用浏览器的极速模式或谷歌浏览器打开查看效果最佳。,http://139.129.95.0:8080/BI/decision/v5/design/report/share/14bb7d91d0274b6da69ad7c83540f66b?link=eyJhbGciOiJIUzI1NiJ9.eyJyZXBvcnRJZCI6IjE0YmI3ZDkxZDAyNzRiNmRhNjlhZDdjODM1NDBmNjZiIiwidXNlcklkIjoiYjVmMGMyZWUtNjQwZi00MDM5LWE0ZDQtOTE4YjU1MzU0ODk4IiwianRpIjoiand0In0.mpzlxe2dxPgqCrKDR-lRrAURc0CeTmmQdL5XSEztsC8,,"['http://2020.jsjds.com.cn/dasai/assets/uploadFiles/65a1e8918075531e4ed7c1cac384079f/20200629_140707.png', 'http://2020.jsjds.com.cn/dasai/assets/uploadFiles/65a1e8918075531e4ed7c1cac384079f/20200629_142238.png', 'http://2020.jsjds.com.cn/dasai/assets/uploadFiles/65a1e8918075531e4ed7c1cac384079f/20200629_142457.jpg', 'http://2020.jsjds.com.cn/dasai/assets/uploadFiles/65a1e8918075531e4ed7c1cac384079f/20200629_142543.jpg', 'http://2020.jsjds.com.cn/dasai/assets/uploadFiles/65a1e8918075531e4ed7c1cac384079f/20200629_142621.jpg', 'http://2020.jsjds.com.cn/dasai/assets/uploadFiles/65a1e8918075531e4ed7c1cac384079f/20200629_142658.jpg']"
http://2020.jsjds.com.cn/chaxun/?keys=68597,融合深度学习和虚拟现实技术的新型水下捕捞机器人,人工智能-人工智能实践赛,该机器人是一款全自主式捕捞机器人，长700mm，宽660mm，高300mm，重约30kg，最大深度可达300米，最大航速4节，无线方式可以3小时不间断工作。配备水声定位系统，能够实现自主巡航，自主作业，自主返航的全自动捕捞服务。采用八轴推进器，行动敏捷，控制稳定。内置低功耗GPU进行实时目标识别，无需利用地面计算资源进行图像处理，并且我们提出了一种新的水下图像增强算法，以更适于水下环境探测、水下目标检测以及海产品的自主抓取。,水下机器人部分采用ardusub开源代码，其余代码均为原创,,,"融合深度学习和虚拟现实技术的新型捕捞机器人,是一款以底播海珍品为目标对象的计算机视觉捕捞机器人，它使用 Ardusub 开源系统，由地面站、带有主控器的机体、脐带缆三大组成部分，可分为三个主要技术层面：机器人控制层面、图像识别层面、机械臂抓取层面，针对不同技术层面，我们团队分为三组去研究制作。
  机器人在水下作业时，实现了两种方式抓取，其一是根据传输回来的视频图像，在地面人工单独遥控机械臂抓取；其二是我们机器人的特色，他具备最先进的水声定位系统，能够进行路径规划，自主巡航，自主返航，并根据图像识别的结果，寻找目标抓取对象，根据其方位建立模型，计算出机械臂的运动，进而进行抓取，无需人工操作。这种可以完全实现自主巡航、自主作业、自主返航的水下机器人，在市场上绝无仅有。
  除去捕捞底播海参，后续我们还会继续训练我们的 Python 框架，开发全自动识别捕捞鲍鱼、海胆、扇贝的水下机器。",与其他水下机器人不同的是，现有的水下机器人往往采用的是人机协同抓取的形式，需要人员控制机器人完成对海产品的抓取。而我们设计的这款机器人可以完全实现自主巡航，自主作业，自主返航的全自动捕捞方式，最大程度的减少了人工参与的成分，最大化的发挥捕捞机器人的价值。并且我们将机械手安装在机器人的内部，最大程度的减轻了悬浮抓取对水下机器人平衡的影响，使得该机器人可以无视地形的影响，以同一种方式工作。,在海洋捕捞业越来越发达的今天，这款机器人能够很好的适应市场，大大减轻渔民的负担，具有较高的利用价值，学生们进行了真实海域下的捕捞测验，效率和稳定性都是不错的,无,,,"['http://2020.jsjds.com.cn/dasai/assets/uploadFiles/3311684045d54f7f755a82e8724bde6b/20200523_103543.png', 'http://2020.jsjds.com.cn/dasai/assets/uploadFiles/3311684045d54f7f755a82e8724bde6b/20200523_104542.png', 'http://2020.jsjds.com.cn/dasai/assets/uploadFiles/3311684045d54f7f755a82e8724bde6b/20200523_104133.png', 'http://2020.jsjds.com.cn/dasai/assets/uploadFiles/3311684045d54f7f755a82e8724bde6b/20200523_104155.png', 'http://2020.jsjds.com.cn/dasai/assets/uploadFiles/3311684045d54f7f755a82e8724bde6b/20200523_104215.png', 'http://2020.jsjds.com.cn/dasai/assets/uploadFiles/3311684045d54f7f755a82e8724bde6b/20200523_104607.png', 'http://2020.jsjds.com.cn/dasai/assets/uploadFiles/3311684045d54f7f755a82e8724bde6b/20200523_104620.png', 'http://2020.jsjds.com.cn/dasai/assets/uploadFiles/3311684045d54f7f755a82e8724bde6b/20200523_104636.png', 'http://2020.jsjds.com.cn/dasai/assets/uploadFiles/3311684045d54f7f755a82e8724bde6b/20200523_104703.png', 'http://2020.jsjds.com.cn/dasai/assets/uploadFiles/3311684045d54f7f755a82e8724bde6b/20200523_104714.png', 'http://2020.jsjds.com.cn/dasai/assets/uploadFiles/3311684045d54f7f755a82e8724bde6b/20200523_105255.png', 'http://2020.jsjds.com.cn/dasai/assets/uploadFiles/3311684045d54f7f755a82e8724bde6b/20200523_105315.png', 'http://2020.jsjds.com.cn/dasai/assets/uploadFiles/3311684045d54f7f755a82e8724bde6b/20200523_105946.png', 'http://2020.jsjds.com.cn/dasai/assets/uploadFiles/3311684045d54f7f755a82e8724bde6b/20200523_105458.png', 'http://2020.jsjds.com.cn/dasai/assets/uploadFiles/3311684045d54f7f755a82e8724bde6b/20200523_105616.png']"
http://2020.jsjds.com.cn/chaxun/?keys=68591,基于图像数据挖掘的农作物病虫害精准检测系统,大数据-大数据实践赛,这农业生产中，病虫害一直以来都是威胁农业生产的一大因素，导致农作物产量大大降低。现有的农作物病虫害检测方式主要依靠人工检测，较为滞后且准确率低。若能在早期及时发现并作出相应处理，就可以最大程度地减少危害。我们的项目基于图像数据挖掘的方式，对农作物病虫害进行检测，达到快速、精准检测农作物病虫害的目标。并将检测模型部署至移动平台，做到自主检测。能够将检测结果传回远端服务器，利用专家系统给出针对性解决方案。在系统中，我们采用了YOLO系列模型对病虫害精准检测，移动平台上搭载了主控机、激光雷达、摄像头、语音模块等设备实现实时检测、自主导航、语音控制等。,使用YOLOv3开源框架、讯飞开放平台及SLAM开源算法,"小车包含摄像头，激光雷达这两个传感器，一块主控机，一块移动平台控制板，履带式移动轮。移动平台控制板通过控制电机来控制小车的转向；摄像头和激光雷达采集图像信息和距离信息得到多种数据。
       通过小车中搭载的摄像头采集的图像信息，我们输入至主控机中做到实时检测，得到病虫害信息。通过激光雷达做到自主导航。主控机中搭载语音平台做到对小车的语音控制。
      专家系统应用软件需运行在Windows7及以上版本操作系统中，需要安装有.net framework 4.5版本框架。
1、在网上下载.net framework 4.5框架，根据提示安装即可。
2、双击运行“智能农作物病虫害检测分析系统.exe”后，即可对专家系统应用软件进行操作。","作品现已训练完成YOLOv3，实现在模型上检测农作物病虫害；自主导航的仿真模型及实际效果；语音平台的测试；专家系统的构建；移动平台上农作物病虫害检测的实时检测。

图1.YOLOv3模型对农作物病虫害检测效果
图2. 自主导航仿真效果
图3. 自主导航实际效果
图4. 专家系统实际效果
图5. 检测实际效果","作品是针对现有农业对农作物病虫害检测上的缺陷所提出的利用图像数据挖掘技术来实现精准检测的系统。
       作品主要分为四个部分：目标检测部分，自主导航部分，语音控制部分，专家系统部分。
       目标检测部分：通过对比多种目标检测算法，现选择了YOLOv3模型。通过农作物数据集，完成了在PC端的检测模型训练及测试。我们为了更加方便用户使用，做到实时检测的目的。我们将训练完的模型部署至移动平台的主控机中，并搭载摄像头，将获取的图像信息输入至模型中，在移动平台上完成实时检测。移动平台实时获取的农作物病虫害信息可发送至远端服务器中。
       自主导航部分：为了增强移动平台在各个环境中的适应性，我们引入自主导航技术。在移动平台自行获取区域信息后，可任意给定一位置，移动平台自行动态规划路径，并能规避障碍物。由机器人操作系统(ROS)和自主导航算法实现。
       语音控制部分：在系统中，我们引入了语音控制模型，可做到对机器人语音控制，方便用户使用。
       专家系统部分：我们为了使用户能够方便获取信息，构建了专家系统，可做到离线识别病虫害，同时做出相关建议，用户能够及时有效的解决农作物病虫害的问题。
（系统结构）","重点：
1、农作物病虫害的精准检测算法；
2、自主导航技术
3、搭建ROS实时检测平台
4、语音控制算法
5、构建专家系统
难点：
1、图像数据挖掘中目标检测算法的选择
2、病虫害检测的准确率
3、ROS平台搭建及运动学建模
4、专家系统数据的构建",作品创新性强，可以很好的弥补农业上的缺陷。系统考虑较为周全，灵活运用技术，能够满足用户的基本需求。实践结果表明，该项目具有比较高的可行性和技术含量。,感谢组委会给我们项目成员一次项目实践的机会，让我们将想法逐渐变为现实。在此过程中，虽历经艰辛，但学习到了很多东西，提高了我们实践能力、创新能力。期间想过放弃，尝到失落，但最终还是坚持下来。,,,"['http://2020.jsjds.com.cn/dasai/assets/uploadFiles/65bcbb5dbc2f006498d3b79b53e7717f/20200522_104222.png', 'http://2020.jsjds.com.cn/dasai/assets/uploadFiles/65bcbb5dbc2f006498d3b79b53e7717f/20200522_104354.png', 'http://2020.jsjds.com.cn/dasai/assets/uploadFiles/65bcbb5dbc2f006498d3b79b53e7717f/20200522_104641.png', 'http://2020.jsjds.com.cn/dasai/assets/uploadFiles/65bcbb5dbc2f006498d3b79b53e7717f/20200522_104705.png', 'http://2020.jsjds.com.cn/dasai/assets/uploadFiles/65bcbb5dbc2f006498d3b79b53e7717f/20200522_104738.png', 'http://2020.jsjds.com.cn/dasai/assets/uploadFiles/65bcbb5dbc2f006498d3b79b53e7717f/20200522_105904.png']"
http://2020.jsjds.com.cn/chaxun/?keys=68589,基于特征工程与神经网络的恶意软件预测分析,大数据-大数据实践赛,随着互联网的迅猛发展，网络安全问题得到越来越多的重视。PC端上的垃圾推广信息，恶意软件，非法攻击等泛滥，严重威胁用户信息安全。虽然微软本身已提供相应的安全措施，但仍存在较多缺陷和问题。针对以上问题本作品通过将特征工程与神经网络相结合的方法，并且使用了微软官方发布的大量相关数据集，建立了机器是否很快会受到恶意软件攻击的预测模型，解决了计算机是否被攻击预测过程中因数据特征空间维度过大而产生的维度灾难问题以及不相关因子对模型预测精度的干扰问题，提升了预测模型的预测精度。本作品算法相对于现有算法有更高的入侵监测概率，对于不同类型的入侵均有较好的适应性。希望通过此作品保护用户的隐私，提升用户数据安全性。,"数据分析使用Pandas
数据分析处理及可视化使用Echart","本作品需要提前在电脑上部署安装python3.7环境，然后执行本作品的代码即可。
本作品提供了两个版本的代码格式分别为Jupyter Notebook与python格式可使用不同IDE运行。",,"第一部分对数据进行了预处理，预处理阶段主要分为5个步骤分别为，去除无用数据和缺失数据，对没有被攻击的电脑进行数据分析，对被攻击电脑进行数据分析，交叉对比分析，最后保存有用数据。
第二部分是对标签进行编码，选择了哑编码，就是用二进制来表示特征，生成稀疏矩阵。它的作用为转换成数值型，解决labelencode的问题，增加维度。
第三部分为对随机变量的标准化，标准化后排除了数据干扰，随机变量的一些性质就会显露出来，便于进行进一步的分析。
第四部分为PCA降维处理，数据从原来的坐标系转换到新的坐标系，新坐标系的选择是由数据本身决定的。
第五部分为BP神经网络实现具体分为：
1，网络初始化，给各连接权值分别赋一个区间（-1，1）内的随机数，设定误差函数e，给定计算精度值和最大学习次数M。
2，随机选取第k个输入样本及对应期望输出
3，计算隐含层各神经元的输入和输出
4，利用网络期望输出和实际输出，计算误差函数对输出层的各神经元的偏导数
5，利用输出层各神经元和隐含层各神经元的输出来修正连接权值
6，利用隐含层各神经元和输入层各神经元的输入修正连接权。
7，计算全局误差
8，判断网络误差是否满足要求。当误差达到预设精度或学习次数大于设定的最大次数，则结束算法。否则，选取下一个学习样本及对应的期望输出，返回到第三步，进入下一轮学习。
第六部分进行特征选择，选取排名前十的特征选项进行处理分析，最终得出分析结论及解决方案","1.去除无用数据和缺失数据
2.PCA降维处理
3.BP神经网络分类模型的建立
4.结合信息增益的BP神经网络算法的模型优化
5.数据对比分析，给出分析结论与解决方案",本作品立意新颖，独具创新，方案合理。,无,,,"['http://2020.jsjds.com.cn/dasai/assets/uploadFiles/badd53fdd34bc5d7a87fc188508ebbca/20200628_041803.png', 'http://2020.jsjds.com.cn/dasai/assets/uploadFiles/badd53fdd34bc5d7a87fc188508ebbca/20200628_041853.png', 'http://2020.jsjds.com.cn/dasai/assets/uploadFiles/badd53fdd34bc5d7a87fc188508ebbca/20200628_041917.png', 'http://2020.jsjds.com.cn/dasai/assets/uploadFiles/badd53fdd34bc5d7a87fc188508ebbca/20200628_042557.png', 'http://2020.jsjds.com.cn/dasai/assets/uploadFiles/badd53fdd34bc5d7a87fc188508ebbca/20200628_042710.png', 'http://2020.jsjds.com.cnfile:///C:/Users/50299/AppData/Local/Temp/msohtmlclip1/01/clip_image002.png']"
http://2020.jsjds.com.cn/chaxun/?keys=68558,先人一步—— 基于课程和课余竞赛的学业指导平台,软件应用与开发-Web应用与开发,本作品主要针对目前大学生对于大学里课程学习、各种竞赛、保研考研、毕业工作等了解少，因此导致大学生活里浪费了很多提高自我的机会，所以，我们希望以网站为平台，通过各种可视化、简单易懂的视频、图表等，从学生角度出发，介绍一些对学生以后发展有益的竞赛项目等活动，帮助学生详细了解从准备、筛选到最终获奖的整个过程，介绍竞赛的一些必备知识储备、获奖比例以及未来的益处等内容，并且附加了本校一些竞赛获奖队员的比赛介绍。通过这种方式，我们希望能够帮助大学生加强对大学生活的认知，完善自我的人生规划，让更多的大学生在大学期间能够得到实践的历练，也能促进一些国家的教育事业发展。,"1、www.saikr.com/act/1669
2、https://www.1688.com/huo/CAFDD1A7BDA8C4A3BFCEBCFE.html
3、www.gx211.com/news/2016414/n6636354242.html
4、http://www.5670.info/hbb/image/3298332235/
5、http://www.yxnu.edu.cn/html/2019/2019-9/1567653763.html
6、https://www.sohu.com/a/25375360_115092
7、news.bjut.edu.cn/info/1023/6528.htm","本作品为网站类作品，请使用通用的浏览器打开浏览。
建议使用谷歌Chrome或火狐Firefox浏览器。","1、首先我们介绍一下我们作品的首页，由于效果图是静态图片，我们首页的动画没有表现出来，例如设计先人一步的思想的部分是采用打字机的特效，逐字打印出来的。

2、我们的一大功能就是按照学科分类，给对应学科大类的同学介绍竞赛：利用学科相关的图片更能凸显学科风格。
 
3、介绍了我们需要以后更新的工作，使网页的内容更加丰富，可以作为一个更加有意义的综合性“先人一步”的指导型网站。
4、学科分类的链接点进去之后，进入对应推荐的比赛的分类界面，这里是以“工学”作为举例，共有13个界面。
5、接下来是竞赛具体介绍的界面，包括文字图片介绍、关于具体竞赛的、比赛经验这主要的三大板块。
6、在上述的竞赛具体介绍中，趣味竞赛视频部分是可以播放的。","我们小组的作品是一个面对全国本科大学生的竞赛介绍推荐网站，包含面向13种学科门类的比赛。因此我们的作品分为三部分进行竞赛的介绍和推荐：
1.主界面还包括作品设计的初衷以及推产品未来的展望。
设计主要思路是高级大方简洁，使一个教育辅助平台显得赏心悦目。首先，我们设置了导航栏，进行相关服务的导航功能，放弃了搜索功能，并且通过动画、撞色以及中英文的切换使导航栏具有设计感；其次，在index.html上设计了一个打字机的特效，将我们的先人一步的思想逐字逐字地进行展现；然后，在Subjects学科界面，我们按照国家颁布的《授予博士、硕士学位和培养研究生的的学科、专业目录》，将对应的学科分为哲学、经济学、法学、教育学、文学、历史学、理学、工学、农学、医学、军事学、管理学和艺术学13大门类，进行对这些专业的针对性导航服务；接下来，在Competition竞赛界面，我们将竞赛分成了两大类，分别是综合类（不需要太多的专业知识或者可以与相关专业的同学进行组队合作）和专业倾向（需要某一个专业的知识储备），方便大家进行比赛的导向；最后，我们提出了我们功能上的改进，注册以及联系我们的有关链接，以及为我们团队的基本信息板块。
2.通过主界面可以链接到专业比赛列举界面，13个专业列举比赛界面对应13个学科门类，每个专业列举比赛界面会列举出适合该专业学生参与的课余竞赛。
设计以浅粉色为基调，显示友好并且有激情。界面结合github中的代码方式添加了适当的颜色变化，比赛的菱形图标具有色彩的渐变性，使网页更具有灵动和活泼，板块的设计主要是对应每个专属比赛，设计上简约直观，可以让用户直接找到想查找的东西，简化了沟通流程，让不同需求的用户直接把被引导进特定的页面与部分，不会出现网页内容冗杂使人们眼花缭乱的情况。
3.专业列举比赛界面可以链接到比赛介绍界面，这个界面主要是对某个比赛进行有趣味性、内容充实且接地气的介绍，包含一个比赛介绍动画视频，还有历届获奖学长学姐分享的比赛经历。
比赛的介绍界面，设计思路是在其中加入比赛信息、自制的比赛介绍视频和比赛经验分享。其中介绍视频采用“万彩动画”软件制作，以卡通人物形象去参加比赛的过程来展示整个比赛的过程，让使用者最快速的了解完比赛的流程，以及参与的比赛的要求，同时卡通人物形象具有亲和性和趣味性，相比较PPT的录制视频能更令使用者接受。然后在经验分享部分，我们询问了让各种比赛的获奖者分享了比赛的经验心得，从学生的角度出发，帮助使用者最快速的了解自己应当付出哪些努力才能在比赛中先人一步，脱颖而出。","设计重点：
设计重点主要在于界面的内容和外观设计，主界面是作品的“门面”，其趣味性和功能的丰富性可以让使用者感兴趣并且方便使用。首先我们设计了一个打字机特效，将作品的思想逐字逐句的展现出来，非常有层次感，激发使用者的比赛兴趣；在学科界面中，我们设计13个学科门类的图标，这是考虑到针对不同的专业使用者的导航服务，以最快时间找到自己专业针对性的竞赛；其次我们将综合类竞赛作为一个界面展开说明，这些竞赛适合很多专业参与，拓宽下使用者的视野。
其次，比赛列举界面我们用菱形图标列举了专属竞赛，最主要的采取了色彩渐变的设计，避免整体色彩千篇一律，使用者审美疲劳，我们结合github代码实现了这一功能，使整体作品层次明显，灵动活泼。
最后是资料的整理。本作品包含内容多，其中比赛就有几十种，帮助使用者快速识别适合自己并且对自己大学生涯真正有帮助的比赛也是我们的设计重点。我们学科按门类进行划分，在网上爬取了大量比赛的获奖名单，然后从中间找出各专业比例，从而找出综合类比赛和专业性较强的比赛，并且通过学科分类主页-比赛列举界面-比赛简介界面的一对一跳转，最方便快捷的让使用者找到适合自己的比赛。
 
设计难点：
1、问题：考虑到计算机设计大赛的设计感很重要，我们的静态网络怎么添加动画？
答：我们团队从各大主流或小众的网站上观察我们需要的动画特效并学习原理（主页打字机特效），或者进行原创动画设计（例如将图片设置为背景，网页移动但是图片固定），使静态作品富有设计感。
2、问题：如何让使用者最快能够掌握比赛信息和内容，使其能够结合自身能力去考虑参加某项赛事？
答：我们从自身本科期间参赛经历出发，设身处地考虑比赛新手的实际情况，制作了动画视频来介绍比赛，其主要内容是一个虚拟动画形象来参加一个比赛，经历整个比赛流程，让使用者最快了解比赛的一系列流程，同时，跟很多比赛的获奖的学长学姐交流，总结比赛的获奖经验，分享给使用者。
3、如何整理大量的比赛，使使用者最快时间找到最适合自己的比赛？
答：整理出综合类比赛和专业性较强的比赛，调查每个比赛的含金量和行业认可度，并且通过学科分类主页→比赛列举界面→比赛简介界面的依次跳转，最方便快捷的让使用者找到适合自己的比赛。",学生结合目前大学生实际情况，设身处地做一个让大学生能够过一个充实的大学生活的“有温度”的作品，考查目前各学科门类本科生参与度、含金量、认可度高的国家级赛事，搜索比赛信息，以简单、直观的形式展现给使用者，并且伴有制作精良的介绍视频。作品内容详实，包含13个学科门类，几十种高规格比赛，包含丰富的经验内容，是一个值得肯定的作品。参赛队还制作了几十个网页，队员们肯下功夫，对作品倾注心血良多，对待比赛态度认真积极，队员们协同合作好，在只能网络交流的情况下依旧做出了合格的作品，值得表扬！,比赛期间，队伍里确实遇到了很多问题， 主要是开学时间一直推迟，打乱了本来该三个人面对面讨论、组合作品的规划，作品里网页多达几十个，每一个都要认真考虑布局，网络交流有很大的困难，有很多时候队员们做的作品在颜色布局上都不符合整体思路，只能一而再的修改，极大的浪费了比赛时间，但队员们还是任劳任怨，坚持在家里自律学习新知识，坚持完成了作品，在此我要感谢我的队友们辛苦的付出，没有他们义无反顾的努力和坚持，可能作品就会夭折在半路了。,http://xr.gylmvip.shop,http://xr.027zs.net,"['http://2020.jsjds.com.cn/dasai/assets/uploadFiles/adc139eaf70ad8bf65d11a76e8cf232b/20200628_153603.jpg', 'http://2020.jsjds.com.cn/dasai/assets/uploadFiles/adc139eaf70ad8bf65d11a76e8cf232b/20200523_083937.png', 'http://2020.jsjds.com.cn/dasai/assets/uploadFiles/adc139eaf70ad8bf65d11a76e8cf232b/20200523_051344.png', 'http://2020.jsjds.com.cn/dasai/assets/uploadFiles/adc139eaf70ad8bf65d11a76e8cf232b/20200522_175145.png', 'http://2020.jsjds.com.cn/dasai/assets/uploadFiles/adc139eaf70ad8bf65d11a76e8cf232b/20200522_185446.jpg', 'http://2020.jsjds.com.cn/dasai/assets/uploadFiles/adc139eaf70ad8bf65d11a76e8cf232b/20200522_185405.jpg', 'http://2020.jsjds.com.cn/dasai/assets/uploadFiles/adc139eaf70ad8bf65d11a76e8cf232b/20200522_175201.png']"
http://2020.jsjds.com.cn/chaxun/?keys=68616,海大裕如,信息可视化设计类-交互信息设计,本作品命名为海大裕如。裕如，形容从容不费力，应付自如，希望我们海大学子使用这个网页，获取各种渠道的信息，对待未来从容不费力，应付裕如。本作品以网页的形式，展现了从学校官网、优兴咨询公司以及本校毕业生所就职的近600余家公司官网搜集来的就业指导数据。我们通过认真细致地分析，将技术与艺术完美结合，做出了各种各样真实、准确、美观的图表，具有良好的视觉交互效果。通过我们的网页，毕业生可以充分了解了学哥学姐都干了什么、去了哪里，能够对自己的未来有所准备，进退裕如，从容不迫。,需要使用Echarts bootstrap jquery,本作品无需安装，非常方便。,"主界面                                                                        就业人数TOP20企业名单                       招聘我校毕业生人数TOP30世界五百强企业名单                       出国流向

就业变化图                                                              薪酬分布图                                               毕业生的优势（和劣势）                            就业率变化图","我们发现高校毕业生未来压力大，同时对学校自身就业质量不清晰。今年高校毕业生规模达到874万人，增量、增幅均为近年之最。并且受新冠肺炎疫情等多种因素叠加影响，2020届普通高校毕业生就业、求学均面临较大压力。打铁还需自身硬，只有对自身学校的毕业生质量清晰，才能更好擘画理想。但是面对浩如烟海的信息数据，人们往往无法快速、准确读取到有用信息，于是我们开发了“海大裕如”这个网页。
     “海大裕如”以网页的形式去展示信息，通过鼠标点击、移动进行操作。打开即可看到我们从就业率、毕业生就业结构，毕业生就业层次、薪酬收入以及第三方评价等多个维度分析产生的图表，我们还从升学出国流向、单位性质流向、就业地域流向等方面着重对毕业生就业结构进行独到分析，就业层次方面我们将招聘我校毕业生人数TOP30的世界五百强企业和就业人数TOP20企业名单单独列出来，并将其做成十分方便读取的美学图表。我们的网页信息量大而不杂，彼此联系紧密，具有较强的信息交互能力。
      “海大裕如”采用敏捷开发的开发方法，不断根据用户数据进行迭代，使之具有很好的图形交互能力。网页还采用Angular框架、阿里云的服务器后台和微服务的服务框架，运用了阿里云的容器管理技术，将数据统一放在Mysql数据库中进行维护，具有良好的信息交互功能。
       裕如，形容从容不费力，应付自如，希望我们海大学子使用这个网页，获取各种渠道的信息，对待未来从容不费力，应付裕如。","本作品重点在于以多样化的、直观的、美观的图表展现繁多复杂的数据。通过我们的网页，可以从就业率、毕业生就业结构、毕业生就业变化、毕业生就业层次、就业地域流向、薪酬收入以及第三方评价等多个维度，对应届毕业生的未来生涯方向，有所规划。并且还可在浏览数据图表的同时，跳转到心仪公司的官网，进行更加详细的了解，并可完成投递简历等操作。使用我们的网页，用户能够看清就业局势，把握未来方向，进退裕如，从容不迫。
       本作品的设计难在采用什么基础开发方法以及如何对繁多数据进行维护。我们采用敏捷开发的方法开发，并通过Angular框架、阿里云的服务器后台和微服务的服务框架等进行开发。敏捷开发的方法具有很好的沟通效果，但是Angular框架和阿里云的服务器后台等操作较为繁琐。最终，在繁琐的程序开发中，我们终于研发出了这款具有良好图形交互功能，集美观与准确度于一体的海大裕如网页。",本作品融合了来源众多的准确数据并对其加以分析，对学生具有一定的挑战性，这也是学生综合利用计算机进行数值分析解决实际问题的生动体现。海大裕如对于毕业生在选择就业时有很好的指导意义，并与艺术结合很好，具有很好的信息交互效果。,推荐使用火狐浏览器、谷歌浏览器。,,,"['http://2020.jsjds.com.cn/dasai/assets/uploadFiles/0e6f9ca604ed78fb2d5ab60ee4e794ae/20200516_110736.png', 'http://2020.jsjds.com.cn/dasai/assets/uploadFiles/0e6f9ca604ed78fb2d5ab60ee4e794ae/20200629_090935.jpg', 'http://2020.jsjds.com.cn/dasai/assets/uploadFiles/0e6f9ca604ed78fb2d5ab60ee4e794ae/20200629_091051.jpg', 'http://2020.jsjds.com.cn/dasai/assets/uploadFiles/0e6f9ca604ed78fb2d5ab60ee4e794ae/20200629_091124.jpg', 'http://2020.jsjds.com.cn/dasai/assets/uploadFiles/0e6f9ca604ed78fb2d5ab60ee4e794ae/20200629_091453.png', 'http://2020.jsjds.com.cn/dasai/assets/uploadFiles/0e6f9ca604ed78fb2d5ab60ee4e794ae/20200629_091522.png', 'http://2020.jsjds.com.cn/dasai/assets/uploadFiles/0e6f9ca604ed78fb2d5ab60ee4e794ae/20200629_091544.png', 'http://2020.jsjds.com.cn/dasai/assets/uploadFiles/0e6f9ca604ed78fb2d5ab60ee4e794ae/20200630_044130.png']"
http://2020.jsjds.com.cn/chaxun/?keys=68612,海员说|情迁大海，为梦远航,信息可视化设计类-动态信息影像（MG动画）,"中国有1.8万公里海岸线，年贸易总额上万亿元，位列海洋大国，正朝着海洋强国的道路奋进。这其中，有一群不显眼，却作为中坚力量的群体——海员。
海员作为航运系统的核心力量，常年在海上工作，日出与朝霞为伴，日落与海鸥同行。我们对于海员，可能仅限于“枯燥繁重”“与世隔绝”的认识，殊不知航海事业“晕船关”“寂寞关”“安全关”，他们的工作充满了挑战。当然新时代的背景下，海员的工作环境也逐步改善。
好男儿，志当存四海。自他们踏上远洋巨轮，一颗驰骋汪洋、建功立业的种子就埋进了心田，成长之路就此启航！
本作品我们用AE、AI、PS、PR等软件制作，走进海员的真实世界，致敬他们星辰大海的征程！",无,使用通用的媒体播放器播放，无需安装。,"作品开头以星辰大海的背景画面引起话题。
 

通过普通人的视角对海员这一职业提出问题，引起观众的好奇心。
 

对海员这一职业的基本知识普及。


海员航海征程中的画面描述与历程叙述。

对海员行业问题的探究与深度挖掘，引起观众共鸣与思考。

简述海员的发展趋势向好，致敬海员星辰大海般的征程，全篇收尾。


团队成员制作过程效果图，使用软件分别为PR、Powerpoint、AE。","中国有1.8万公里的海岸线，每年进出口贸易总额上万亿元，步入海洋大国的行列，如今的中国正朝着建设海洋强国的道路上奋进。
       作为中国航海事业的学子，我们队员从航海、航运交通出发，将目光转向这样一群不显眼，却一直作为建设海洋强国中坚力量的群体——海员。
       在普通人的眼中，海员作为航运系统中的核心力量，常年乘船舶在海上工作，除了印象中的海风海味、异域风情，我们对于海员，可能还限于“枯燥”“繁重”“与世隔绝”的认知。而近年来，海员的职业诟病也日渐被讨论，离家时间过长，无法与家人保持联系，以及工资福利、税率制度等。另外，航海事业“晕船关”“寂寞关”“安全关”，他们的工作充满了挑战。当然随着新时代的发展，在互联网的大背景下，海员的工作环境也逐步改善。
       好男儿，志当存四海。尽管如此，自当他们踏上远洋巨轮，一颗驰骋汪洋、建功立业的种子就埋入进了心田，成长之路在这里启航。本作品我们将描绘讲述海员的故事，走进海员的真实世界，展现正逐渐完善而蓬勃发展的中国航运业，致敬他们星辰大海般的航程！","本作品侧重展现海员的真实故事，在普及海员知识的基础上，向观众传达一种向海而生、无畏浪涛的海员精神，以数据、引用文献等多种形式从多角度呈现其生活。
       因此我们设计重点主要在于如何将海员这一角色塑造得更加立体鲜活，既顺承大众印象，描绘其多姿多彩、游历各地的航行经历，又将海员这一职业平凡化，对其行业发展进行深度剖析，将其职业问题一一展现在观众面前，结合历史变迁，简述这一职业体系的完善过程。同时，我们走进海员的真实生活，讲述他们航行过程中的种种挑战，展示他们不为人知的一面。我们致力于从多方面多角度完善这一个角色，在个体的基础上反馈行业的现状与发展。
       在此过程中，除资料查询与收集，我们力求画面生动形象，在精彩纷呈的基础上，不失大方美观，数据呈现简洁明了，场景切换自然；难点在于故事逻辑的叙述，由浅入深，从生活画面的描述引起观众兴趣，从职业问题引起社会共鸣，从海员职业长远观感与海洋建设调动家国情感。如何使整个作品叙述逻辑自然流畅，是本作品的难点所在。
       我们团队向指导老师寻求建议，大量查阅相关资料，联系服役中海员等方式，对旁白稿的进行反复修改和推敲，又在旁白稿件的基础上对脚本进行细化，将画面与时间轴设计更加精确，与内容更加贴切。同时，团队成员通过各种渠道对自己的视频制作技术进行提升，轮流修改，用更新颖的方式呈现画面。","此作品从各方面描绘海员了这一不为大众所熟知的角色，刻画了海员的生活情境，令人增长海员相关常识同时，感受海员生活情怀，了解我国航海事业发展历程。整体画面生动形象，创作内容立意新颖，既有普及效果，同时着手行业发展，展现深度。
      团队在合作过程中互相协作，分工有序，展现了团队的友好风采，互相督促，在整个参赛过程中不断提升队员自己，可以看到他们的进步飞速。","本作品我们用AE、AI、PS、PR、powerpoint等一系列软件制作，数据资料皆来源相关网站。
 
本次参赛对于团队是一次很好的锻炼机会，在珍惜机会的同时，我们团队成员相互协作，共同学习进步，有所收获。
由衷感谢我们的指导老师、大赛组委会以及学校的协助，给予我们整个赛程中的帮助。",,,"['http://2020.jsjds.com.cn/dasai/assets/uploadFiles/8f8226fa71afb77d8feb9766569a4161/20200523_084553.png', 'http://2020.jsjds.com.cn/dasai/assets/uploadFiles/8f8226fa71afb77d8feb9766569a4161/20200523_084147.png', 'http://2020.jsjds.com.cn/dasai/assets/uploadFiles/8f8226fa71afb77d8feb9766569a4161/20200523_084303.png', 'http://2020.jsjds.com.cn/dasai/assets/uploadFiles/8f8226fa71afb77d8feb9766569a4161/20200523_084401.png', 'http://2020.jsjds.com.cn/dasai/assets/uploadFiles/8f8226fa71afb77d8feb9766569a4161/20200523_084448.png', 'http://2020.jsjds.com.cn/dasai/assets/uploadFiles/8f8226fa71afb77d8feb9766569a4161/20200523_084639.png', 'http://2020.jsjds.com.cn/dasai/assets/uploadFiles/8f8226fa71afb77d8feb9766569a4161/20200629_150733.jpg', 'http://2020.jsjds.com.cn/dasai/assets/uploadFiles/8f8226fa71afb77d8feb9766569a4161/20200629_150807.jpg', 'http://2020.jsjds.com.cn/dasai/assets/uploadFiles/8f8226fa71afb77d8feb9766569a4161/20200629_150833.jpg', 'http://2020.jsjds.com.cn/dasai/assets/uploadFiles/8f8226fa71afb77d8feb9766569a4161/20200629_150859.jpg', 'http://2020.jsjds.com.cn/dasai/assets/uploadFiles/8f8226fa71afb77d8feb9766569a4161/20200629_150918.jpg', 'http://2020.jsjds.com.cn/dasai/assets/uploadFiles/8f8226fa71afb77d8feb9766569a4161/20200629_153808.png', 'http://2020.jsjds.com.cn/dasai/assets/uploadFiles/8f8226fa71afb77d8feb9766569a4161/20200629_153823.png', 'http://2020.jsjds.com.cn/dasai/assets/uploadFiles/8f8226fa71afb77d8feb9766569a4161/20200629_155356.png']"
http://2020.jsjds.com.cn/chaxun/?keys=68644,《抗击新冠肺炎》,信息可视化设计类-动态信息影像（MG动画）,《抗击新冠肺炎》是我们小组共同努力的成果。自新冠肺炎肆虐开始，全球都已经笼罩在灰暗里，人们的生活遭受了严重的影响。基于这种现状，我们制作这样一部影片，是为了向青少年儿童科普新冠肺炎，让他们认识到该怎样去做好防护措施。采取动画的形式，就是希望受众群体能够更加愿意接受科普。影片从定主题，创作文学剧本，画分镜，以及后期开始制作的种种经历，都将是我们小组成员难以忘记的回忆，同时希望我们能够早日战疫成功，拥抱往日的和平与宁静。,"实用Adobe Premiere,Adobe After Effects，moho rro12创作，有原创工程文件",作品无需安装,,主题的选定，是我们小组讨论最终决定的。制作这样一部影片，是我们想用自己的方法来做一些对社会有用的事。新冠肺炎已经对我们的生活造成了严重的影响，全人类都被波及。面对共同的敌人，我们应该团结一致，抵制新冠。影片主要讲述的是对新冠肺炎的产生以及如何传播，告诉人们预防的方式。青少年儿童由于身心发展不成熟，在预防过程中难以明白其重要性。通过这样一部影片，让他们用自己喜欢的方式来了解新冠肺炎，并通过影片中的正确的行为的导向，让他们学会如何保护自己。也希望他们能够从小养成良好的生活习惯，给社会带来前进的动力。,因为影片的受众群体是青少年儿童，所以我们的影片设计要符合儿童的身心发展，换而言之，即用儿童理解的形式去传达我们的理念。因此，人物角色的设计，语言场景的运用，故事情节的发展，都要以儿童为中心来开展。其次，专业的软件运用也是我们的重点。从文学分镜开始，直到最后呈现出来的影片，中间的过程是专业知识在现实生活中的运用。,该组同学的作品能够和现实生活相结合，具有一定的社会影响性。在当下，新冠肺炎的影响还在继续，这样的影片具有一定的社会指导性，尤其是对儿童群体来说。这部影片在动画制作以及情节的推动上，还有提升的空间，希望该组同学能够认识到自己的不足加以改正。,鉴于新冠肺炎的影响，号召大家减少外出，所以我们影片制作结束以后不能到学校或者儿童机构进行实地反馈，发掘意见，所以还是会有遗憾的，待学校正式开学以后，我们会和相关老师机构等沟通，收集反馈，进一步完善影片。,,,['http://2020.jsjds.com.cn/dasai/assets/uploadFiles/ae90a2171fd47351085aeaafa0b8c8a2/20200513_162009.png']
http://2020.jsjds.com.cn/chaxun/?keys=68681,鸠摩罗什之龟兹佛渡,数媒动漫与微电影-新媒体漫画,"佛教是中国优秀传统文化的重要组成部分,龟兹文化是中国新疆少数民族文化不可或缺的色彩。为了展示中国悠久的佛教历史，宣扬鲜为人知的龟兹文化，我们团队从大乘空宗的思想流传切入，以鸠摩罗什的生平为故事主线，将新疆龟兹少数民族文化(壁画，文字及乐器等)与魏晋佛教的结合贯通娓娓道来。旨在让更多的人了解新疆龟兹特色民族文化和中国传统佛教文化，向中国佛教八宗之祖鸠摩罗什对魏晋乃至中国佛教的贡献致敬。",无。,无。,,"为了展示中国悠久的佛教历史，宣扬鲜为人知的龟兹文化，响应国家传承文化、守正出新的号召，迎合大众所喜爱的学习传播方式。我们团队从大乘空宗的思想流传切入，以鸠摩罗什的生平为故事主线，将新疆龟兹少数民族文化（壁画，文字，服饰及乐器等）与魏晋佛教相结合，把文化融入其中娓娓道来。
首先我们搜集整理了龟兹少数民族文化和魏晋佛教的文献研究和珍贵的视听资料，结合大乘空宗的思想产生发展时期亚洲上下千年左右的历史，在充分了解时代背景的前提下，进行构图筛选，基本元素设计。运用sai和PS软件，通过多图层叠加，基础透视设计等完成主题画面创作。根据画面与故事命名，最终形成作品整体。旨在让更多的人了解新疆龟兹特色民族文化和中国传统佛教文化，向中国佛教八宗之祖鸠摩罗什对魏晋乃至中国佛教的贡献致敬。","设计重点:
作品设计方面：运用数字漫画的艺术创作风格和故事画面叙述的手段对设计主题进行理解与诠释以鸠摩罗什平生事迹为着落点，让礼仪、服饰、人情风物、山水、技艺、民族精神等自然地呈现于作品中，展示新疆龟兹少数民族的文化与中国传统魏晋佛教魅力，致敬中国佛教八宗之祖鸠摩罗什大师。
宣传应用方面：我国处于二次元文化发展初期，受美日二次元文化影响深，文化地位仍然十分尴尬。现阶段急需本土文化觉醒，将传统文化融入二次元作品中，并带动相关活动的发展，真正达成“寓教于乐”的效果。我们团队想要通过《鸠摩罗什之龟兹佛渡》系列优秀作品传播正面价值，在中国特色社会主义价值观引导下将传统文化与二次元文化相融合，创作构建了具化的文化标签，并通过logo，杯饰，公仔等物化渗透到生活的方方面面，采用了积极合理的教育规范引导大众参与二次元文化的行为。通过对数媒镜像反思、二次元符号消费、与二次元趣缘群体互动、进行二次元学习及游戏等拉近青少年与传统文化的距离。
 
设计难点:
理论依据方面：由于历史年代悠久，时间相隔久远，不同资料文献有一定出入，国内相关研究领域成果有限，资料筛选甄别完善的难度较大；佛教文化博大精深，短时间内理解有限，展现层次及表达深度受阻。
作品设计方面：文化切入角度较为小众，使作品在符合大众审美难度增加，要设计出风格形式易于大众喜爱接受的表现方式；取名时为展现画面内容和中国传统佛教文化，仔细调研了部分佛经著作；龟兹完整壁画和服装坐具等部分详细资料较难查找，服装等为避免版权问题，根据龟兹印象自行设计，壁画等因残缺且民间自主拍照禁止，只得根据有限网传残留画面进行联想创作，在一定程度上增加创作难度。","村上春树在《且听风吟》一书中写过：“文明就是传达。需要表达、传达之事一旦失去，文明即寿终正寝。”在时代不断发展前进的同时，越来越多的人却与传统文化渐行渐远。现如今了解佛教和新疆少数民族绚丽的龟兹文化的人已是凤毛麟角。
该团队成员从大乘空宗的思想流传切入，以鸠摩罗什的生平为故事主线，将新疆龟兹少数民族文化(壁画，文字及乐器等)与魏晋佛教的结合贯通娓娓道来。让传统文化“活”了起来，以充满活力的姿态，渗透在生活的方方面面。使优秀的传统文化在新时代有着新时代的特点，给予其“新”的诠释，以现代青年更容易接受的方式展现佛教和龟兹文化具有的价值和无与伦比魅力。这是给传统文化，也是给我们自己的最好的礼物。",无。,,,['http://2020.jsjds.com.cn/dasai/assets/uploadFiles/970e9b8913ea3cd991dbea5926551174/20200630_035549.jpg']
http://2020.jsjds.com.cn/chaxun/?keys=68643,基于众源数据的新疆旅游业可视化平台,信息可视化设计类-数据可视化,基于众源数据的新疆旅游业可视化平台是用来展示新疆旅游业发展状况和具体景点信息的一个平台，旨在了解新疆旅游业的发展，促进疫情过后新疆经济发展，扶贫制富，缩小国家的贫富差距。我们展示的界面有登陆界面，新疆旅游业经济现状界面，新疆景点信息细节展示界面；采用数据可视化技术让数据直观展示，从而给用户更良好的使用体验，提升人机交互的便捷性。,"开源代码说明：
前端使用Bootstrap，jQuery，ECharts这些优秀的第三方开源框架进行前端架构，需要引用它们的相关js和css库来实现便捷的开发。
后端使用Apache的Spring，SpringMVC，和谷歌旗下的Mybatis开源框架来对整个后端来进行架构，需要使用到它们的相关Jar包依赖，采用的是Maven构建工具进行的实现。","可以通过网站直接访问：8rr.co/nh3t，如果显示样式和下方截图显示不一致，请调整浏览器缩放以便达到更美观的显示效果。
自发安装：使用Linux系统的服务器，安装MySQL数据库在上面，同时安装Tomcat服务器，以及我们需要的Java的JDK运行环境(建议1.8或以上版本)。
项目类路径下的dbconfig.properties文件需要修改为自己数据库的账号密码，同时还有url需要修改。
在Eclipse中将项目打成war包，然后导出到磁盘。
使用SecurityCRT远程登入Linux服务器，修改Tomcat服务器上的server.xml文件，同时发布war包用SecurityFX传输到Linux上自己设定目录下，在Linux服务器上切换到Tomcat安装目录下的bin目录下，通过./startup.sh命令启动Tomcat服务器，这样就能通过ip:端口号/项目名来访问目标网站了。
外网访问服务器项目时， 把本地地址 localhost 改成公网IP地址即可。
如果需要使用域名，也可以修改server.xml的端口号配置来进行域名访问。",,"（1）国家经济和新疆旅游业相结合
   新冠肺炎疫情是新中国成立以来在我国发生的传播速度最快、感染范围最广、防控难度最大的一次重大突发公共卫生事件。旅游业在此次疫情中受到强烈冲击。展望未来，宜长远兼顾，以应对疫情为契机，进一步强化、优化和细化相关扶持政策，加强疫后旅游市场的引导，推动旅游就业市场稳定化和规范化发展，高度重视国内旅游市场，引导国民出境旅游消费回流，对振兴入境旅游市场做出系统规划。而新疆地域广阔，区位条件独特，旅游资源丰富，异域风情浓厚，是我国旅游业发展的重要战略区，因此想到通过促进新疆旅游业的发展来达到推动旅游业的新一轮改革开放和高质量发展。
（2）理论和实际相结合
     首先通过理论研究，对国家经济理论相关问题的发展溯源、流变、影响、特征和具体表现进行多维度透视和总结：然后从国家和地区两个层面对中国经济发展跟新疆经济发展的联系进行分析总结，再结合新疆地区的实际情况对新疆经济发展的影响进行分析。通过理论和实际相结合的方法，分析得出新疆经济的发展跟当地旅游业发展密切相关，最后对新疆旅游业进行数据可视化实现促进新疆经济发展的目的。

（3）制作和优化过程
       首先，前端用HTML+CSS来构建整个页面，使用JavaScript来完成动态效果，对一些复杂的CSS样式，采用less来进行预处理，从而简化前端的开发难度。其次，后端采用Java语言来架构，数据保存在MySQL里，使用maven集成实现的SSM的框架返回数据和解析，再转发到视图层，多样的图表内容我们采用ECharts框架来进行设计，对各式各样的数组，对象等等进行JS代码的调试。最后，我们使用jQuery和Ajax实现前后端的数据的实时传输。为了防止版本更迭带来的不便，我们使用SVN来进行版本的控制。考虑到工作人员对数据库操作的简易性，我们使用bootstrap实现了模态框，可以快捷的对数据库进行操作。","技术难点:
在前端的样式设计中到大量的css代码需要修正调试，非常耗费时间精力，
对于css3后自带的属性，包过JavaScript的编程，各类浮动和定位样式使得窗口放缩时会产生各类浏览器的兼容性问题，考虑解决起来非常麻烦。
项目需要设计模态框来对数据库进行操作，但是在引入bootstrap的css文件之后，界面的样式塌陷，此时需要改变css样式设计的冲突性问题，编写大量的内联样式代码，从而达到更美观的界面效果。
对于项目的图表设计和展示，需要用到前端的echarts框架，此时需要写大量的jQuery代码来对定义的数组，函数对象等等进行核心数据的修改；由于echarts相关对象的层次结构较深，故程序复杂，结构冗长，BUG的调试过程很麻烦。
Ajax完成前后端的数据传输后，由于JS文件中程序的顺序结构，涉及到Ajax的同步异步的属性设置；在没有发现同步异步的问题时，对于正确的代码难以调试出有关问题。","作品的主题很明确，图表样式等设计非常具有视觉冲击力，吸引力；展现了数据可视化作品具有的表现性和艺术感，新颖有创意。
该项目技术上面实现了基于众源数据的新疆旅游业可视化功能，且功能稳定，界面友好。该项目选取新疆旅游业为题，突破了以往题目的局限性，展示内容时效性强，互动性强。
由于和最近的疫情期间国家经济相关联，从而使该项目拥有较好的实际意义；由于该项目的核心代码耦合度低，高内聚，从而使其拓展性更高。如果需要更换为其他省份的旅游业可视化平台，则实现起来会非常方便容易。",光阴似箭，日月如梭。不知不觉项目已经完成，回想整个制作过程，我们的团队无疑遇到了许多的困难。我们团队做的小类是数据可视化，可想而知，这需要大量的数据。在查找资料时，我们需要查阅相关新疆地区的旅游业的发展，当地的气候地形等特点，结合这些数据之后，我们才为此次项目数据可视化打下基础。而在完成作品期间，最艰难，最曲折，最需要耐心的就是核心技术的实现，有时候调式bug可能需要一天，但幸运的是我们团队成员凭借自律、毅力以及实力一个个战胜了这些困难。对于后期录制和编辑视频，修改视频并且配相关字幕的过程也是非常消耗时间的，我们一遍又一遍的修改，花费了很多时间和精力，但乐此不疲。与此同时我们也获得了两位指导老师的帮助，他们在数据处理分析等方面提供了充分的数据来源，以及在项目的实现及完成当中也给予了十分精湛的技术指导，在最后的文稿修改方面，也是及时纠正了我们的一些问题，让整个项目的完成效率更高。在此，要特别感谢团队的每一位队员的坚持不懈，在遇到困难时迎难而上，及时解决。在制作过程中团结一致，共同思考。还要感谢一直支持我们的两位老师，不辞辛苦，不厌其烦的为我们的项目助力。参赛的过程就像一个人的生活历程，和生活一样，除了基本的生存技巧之外，更需要自信，奉献和勇于拼搏。,http://8rr.co/nh3t,http://pjsoftware.cn/InfoVisuDesign,"['http://2020.jsjds.com.cn/dasai/assets/uploadFiles/72b33212f9556989b0f07ac3ff9046d7/20200626_110120.png', 'http://2020.jsjds.com.cn/dasai/assets/uploadFiles/72b33212f9556989b0f07ac3ff9046d7/20200503_072614.png', 'http://2020.jsjds.com.cn/dasai/assets/uploadFiles/72b33212f9556989b0f07ac3ff9046d7/20200626_110333.png', 'http://2020.jsjds.com.cn/dasai/assets/uploadFiles/72b33212f9556989b0f07ac3ff9046d7/20200626_110359.png', 'http://2020.jsjds.com.cn/dasai/assets/uploadFiles/ac6385254b489fbabd065b145a2f536f/20200429_121432.jpg', 'http://2020.jsjds.com.cn/dasai/assets/uploadFiles/ac6385254b489fbabd065b145a2f536f/20200429_121526.jpg']"
http://2020.jsjds.com.cn/chaxun/?keys=68649,翰林书香苑,数媒中华优秀民族文化元素-环境设计（空间形象设计）,我们设计的作品为图书馆，“翰林书香苑”取自唐代皇帝的文学侍从官“翰林学士”中的“翰林”。图书馆的建筑风格幽雅古典，我们致力于图书馆营造的氛围能使同学们戒骄戒躁，学生可以更快地进入高效的学习状态当中。该建筑糅合多种中国优秀传统文化元素，潜移默化中增进同学们对于中国优秀传统文化的了解。此图书馆共分为三个功能区，包括自习区，休闲区和藏书阁。不同功能区为了避免设计单调乏味，在充分考虑了各个功能区的场景后采取多样的设计元素，使得同学们更快地适应各种功能区环境的同时，也能受到中国优秀传统文化的熏陶。,开发过程中使用CAD组件,无,,图书馆是用来学习社会交流辅之以一定休闲的地方，在此基础上对图书馆进行功能分区；之后通过各个功能区的特点以及调查，确定好各个功能区的布局和应用的优秀传统文化元素；最后根据实际情况对位置进行逐步调整，使之更加方便美观，更加人性化。翰林书香苑定位于师生们学习社交的场所，设置较多的讨论区以及休闲区能够让师生在交流中能够产生思想的碰撞与火花，并且也能够忙里偷闲，体验优秀传统文化魅力以及生活的乐趣。,馆区功能分区和布局在设计过程中遇到瓶颈，小组内成员想法存在不一致，我们结合各个功能区所需气氛环境的特点以及通过师生们对大学图书馆功能分区以及布局的调查，博采众长，完成了对于翰林书香苑的设计。,翰林书香苑设计新型，功能齐全，布局合理，场地设计也较为紧凑，大大地提高图书馆的利用空间，图书馆人流、书流、服务人流互不干扰且又便捷。,无,,,"['http://2020.jsjds.com.cn/dasai/assets/uploadFiles/866b500835d8c7ae7b5d5e79490b06ff/20200629_131508.jpg', 'http://2020.jsjds.com.cn/dasai/assets/uploadFiles/866b500835d8c7ae7b5d5e79490b06ff/20200629_131649.jpg', 'http://2020.jsjds.com.cn/dasai/assets/uploadFiles/866b500835d8c7ae7b5d5e79490b06ff/20200629_131733.jpg', 'http://2020.jsjds.com.cn/dasai/assets/uploadFiles/866b500835d8c7ae7b5d5e79490b06ff/20200629_131746.jpg']"
http://2020.jsjds.com.cn/chaxun/?keys=68569,基于Faster R - CNN的鱼类分类识别算法,软件应用与开发-算法设计与应用,海洋是地球生物多样性的主要来源，但随着人们大范围的海洋捕捞，使珍惜鱼类遭受误捕，导致珍惜鱼类的数量大大下降。严重威胁海洋生态系统，破坏海洋生态环境。本作品所设计的算法框架的应用场景是针对上诉所提到的问题进行解决，算法主要部署在船上的固定嵌入式设备中或者渔民便携式设备中，通过对摄像头采集的视频流的快速处理，分别输出船上有目标鱼类的定位框和鱼品种识别结果，并伴随语音报警提示。由于目标检测的要求较高，提高检测率的同时还要保证实时性，所以算法主要采用深度学习和神经网络来完成目标检测和识别任务。希望通过本作品，能够让更多的渔民了解捕捞上来的鱼是否为珍惜鱼类并方便渔业监管，进而来保护我们的海洋资源。,"模型训练使用TensorFlow
图像处理使用opencv2",本作品需要先在电脑上安装python3.7，然后执行本作品的代码即可。硬件设备则需要部署在我们作品的嵌入式设备上，摆放的位置可以实时拍摄到捕获的鱼类，然后打开设备即可开始进行鱼类识别检测，并且可实现发现珍惜鱼类检测以及报警。,"论文

 
部分代码截图

测试上位机

算法测试结果

 
硬件PCB电路图
 

硬件实物图

专利","作品总体思路框图

基于应用需求，经过查阅相关文献资料总结出几种现阶段深度学习的常用方法，对这几种方法进行了对比分析，结合其优缺点及我们的应用，最终选择了Faster- RCNN作为本作品的主要方法。
经过对现有相关内容的了解本作品主要设计内容分为两个方面，一方面将深度学习Faster R-CNN网络结合机器视觉图像数据处理，构建用于鱼类目标检测模型；另一方面，利用卷积限制性玻尔兹曼机构建深度网络，同时改进训练过程，用于图像识别，进一步提高图像识别的准确率。本作品的主要设计工作包括：
(1) 对于深度学习Faster R-CNN网络与机器视觉图像数据处理结合，构建目标检测模型，将其应用到图像识别任务中，通过实验验证，将准确率提高。
(2) 利用卷积限制性玻尔兹曼机构建深度网络，同时改进训练过程，用于图像识别，进一步提高图像识别的正确率。
(3) 使用ResNet网络残差学习方法来减轻训练深层网络的难度。","设计重点：1）Faster R-CNN网络与机器视觉图像数据处理结合，构建目标检测模型
                 2）利用卷积限制性玻尔兹曼机构建深度网络
                 3）使用ResNet网络残差学习方法来减轻训练深层网络的难度
                 4）算法需运行在嵌入式设备上，并部署在渔船上，所以要求该算法代码精简，执行效率高。
设计难点 : 1）对视频流快速图像处理，要求处理速度于精度。
                 2）消除环境影响对图像处理精度的影响
                 3）自行设计pcb电路板",本作品立意新颖，独具创新，方案合理。,无,,,"['http://2020.jsjds.com.cn/dasai/assets/uploadFiles/171a6e0730b8979ededc01afddad8c61/20200629_034809.png', 'http://2020.jsjds.com.cn/dasai/assets/uploadFiles/171a6e0730b8979ededc01afddad8c61/20200629_035717.png', 'http://2020.jsjds.com.cn/dasai/assets/uploadFiles/171a6e0730b8979ededc01afddad8c61/20200629_034341.png', 'http://2020.jsjds.com.cn/dasai/assets/uploadFiles/171a6e0730b8979ededc01afddad8c61/20200521_054059.png', 'http://2020.jsjds.com.cn/dasai/assets/uploadFiles/171a6e0730b8979ededc01afddad8c61/20200629_033239.png', 'http://2020.jsjds.com.cn/dasai/assets/uploadFiles/171a6e0730b8979ededc01afddad8c61/20200629_033355.png', 'http://2020.jsjds.com.cn/dasai/assets/uploadFiles/171a6e0730b8979ededc01afddad8c61/20200629_034851.png', 'http://2020.jsjds.com.cn/dasai/assets/uploadFiles/171a6e0730b8979ededc01afddad8c61/20200629_040135.png']"
http://2020.jsjds.com.cn/chaxun/?keys=68642,城文,数媒中华优秀民族文化元素-平面设计（静态设计）,"本次参赛作品设计的主要思路是通过将我国东南西北各不同地区代表城市中的特色文化元素，包括自然风光，古典建筑，手工艺品以及人文景观等，提取出来进行巧妙的合成和创意的拼接，再通过工笔画的效果形式，融合各城市独有的色调，组成该城市独有的文化集合体，彰显几千年中华传统文化所孕育出的东方之美。
本次设计的一大创新为采用工笔画的手法描绘人物以外的静物，通过提取实物元素的线条进行锐化从而提高质感，在色彩的调节上对不同城市以不同程度的冷暖调搭配彰显韵味，最后加上宣纸的纹理，呈现出工笔画的效果，更好地展现出每个城市独有的城市文化风格和我国不同地区文化差异的特点。",主要运用PS软件，引用一些相机实拍的建筑和景物图片进行后期的合成,无,"舞扇弄杉六朝按—南京                       一方山水碗中现—杭州 
 


龙凤呈祥天下兴—北京                   城上风雨盛世延—西安
 
 

经幡轮转婆娑宁—拉萨","尊敬的各位评委老师，本次我们队伍参加本次比赛作品题目是——《城文》，既是响应大赛主题中国传统文化，更代表着我们的作品中的每个城市，都拥有属于自己的文化篇章。
本次设计的主要思路是通过将各个城市中的特色文化代表，包括风景，建筑，手工艺品，人文景观等，将其中的特色部分抽象化出来，并以新的构图形式，组成该城市独有的文化集合体代表作品。以全新的造型，熟悉的传统意象，翻陈出新，将中国传统文化中的地域特色以一种符合当代流行以及符合审美的方式展现给大众，进一步宣传地域特色。
本次设计主要采用的手法为工笔画，通过提取实物的线条，和对色彩的调节，加上宣纸的纹理，呈现出工笔画的效果。但工笔画一般是对人物的修饰比较多，这次将其运用在建筑和自然风景上，也是一个全新的尝试。采用工笔画的另一个目的是为了采用更真实的图形引起大家的共鸣。同时在构图上我们进行了极大地创新，主体采用中心构图，部分背景元素采用s型构图（每幅标题下的英文是对城市的介绍）。同时作品主题构型都是通过作品本身的特点，以及所在地区的特色文化，以一种全新的方式表示，整体风格丰富而不杂乱，互相映衬。
第一幅作品——《北京》，北京的城市风格一向在国人眼中同时存在严肃与生机，同时北京作为文化中心，自然有着不可替代的神圣地位。因此我们选择红色与蓝色作为主色调，冷暖碰撞，同时我们选择天坛，龙，凤，太阳，等素材，以故宫书法为背景，构成了旭日东升，龙凤呈祥的和谐画面，更加彰显了北京的古色古香。
第二幅作品——《杭州》，杭州的城市风格为宁静和柔和，因此我们以冷色调为主，同时选用青色与天蓝色营造出杭州独有的山水氛围，我们选择了青花瓷，西湖，雷峰塔等素材，搭配云雾，山水等特效，构成了正如杭州本地的俗语 “一方山水碗中现”的奇景。
第三幅作品——《南京》，南京作为重要的古代地方，千百年来在古籍中的风格多为温婉与繁华，万家灯火齐明，小扇轻抚晚风，正是本副作品所要体现的意境，因此我们选择紫，金 这两个体现繁华，富贵之意的颜色作为主色调，同时以扇子作为主要构型，将金菊与夜晚的灯火呼应组合，从而体现南京的特有韵味。
第四幅作品——《西安》，西安作为六朝古都，城市风格一向庄严威武，极具帝王风格。因此我们选择棕绿这种接近泥土的色彩，加上喷墨和滴墨的效果，来代表的自唐以来的文化沉淀。同时将将大明宫的景剪入大雁塔的形，巧妙的将两个不同的景色融为一体。在奇妙的组合之中尽显唐朝的底蕴与风范。
最后一幅作品——《拉萨》，拉萨一直是藏族人民的聚居地，自古以来都给人一种庄严神圣的感觉，因此我们选择金色和红棕色象征着佛教，青色象征自然风光，一经幡转筒为主要构型，组成一幅肃穆的朝圣图。同时以佛像以及臧金文作背景，更加增添作品的神圣历史气息。
本次系列作品都无一不体现了各个具有浓厚历史气息的城市的不同风味，更加彰显了城市文化与独有风格，以一种新颖的方式，极大创新的展示了每个城市的特色，改变了人们的特有刻板印象，极大地丰富了每个城市的意象文化，给每个人心中的城市又有了不一样的面孔。。","本次大赛设计的重点在于，为彰显各城市不同的文化特点，  在设计过程中针对每个城市的自然景观，人文建筑，从中提取相应的元素，如杭州的西湖，拉萨的布达拉宫等，在这些素材的选取方面也是花了不少功夫的。再进行后期合成中，运用到一些独特的技法和创新，将不同类型的元素融合形成一个新的整体，让各城市拥有属于自己的文化篇章。    
本次大赛设计的难点在于，
一需要思维上的创新也要求较有高的技术手法，将各个城市中的代表文化元素，包括风景，建筑，手工艺品，人文景观等，进行创意的拼接，并融合城市独有的色调，组成该城市独有的文化集合体。为了解决这个难题，我们查阅了一些古籍，例如《园志》，《长物志》等，通过借用古代的构型艺术智慧，从而解决了这个问题。
二，在素材处理上，例如抠图，剪裁边缘化等操作上，对于风景等不规则素材，就十分具有难度，如何将各个素材完整的结合在一起，有不限的突兀，达到和谐的效果。我们为此自学了软件处理，采用新的三维设计软件进行建模构型，不仅解决了细节处理问题，更能够直观感受到造型的立体效果，从而更好地选择平面化角度。","整体系列作品风格创新统一，但每幅作品又具有独特的韵味。该系列作品从内容创新上极大的丰富了每个城市的意象集合体，使每个作品中的城市都有了更加丰富且表现形式更加新颖，翻陈出新，以一种独特的构型，新颖的展现出了每个城市独有的文化底蕴，每幅作品无论是作品主体以及背景元素都无一不参照传统文化，达到和谐统一以及互相映衬的效果，更加彰显出每个城市以及中华传统文化中的包容性以及共同繁荣性。
其次从技术手法来看，该系列作品采用的工笔画手法，不仅将风景，手工艺品等元素的细节处理的十分细腻，使之更加和谐，对于明暗以及颜色的选取也是十分优秀，在色彩上也使每幅作品的主题都被凸显出来，各幅作品的主色调也都成为了该城市的颜色代表，也是表现了当代人心中城市的韵味风格。
该系列作品的立意新颖，作品与传统文化契合度高，手法创新，细节处理细腻，不仅在一定程度上打破了大多数人对传统城市的刻板印象，同时也更加丰富了城市的韵味，创新独特的构型更是吸引了人们，达到了更好的传播效果。",无,,,"['http://2020.jsjds.com.cn/dasai/assets/uploadFiles/ae54e8e13d0a3cba7209616e69668fdd/20200522_131621.jpg', 'http://2020.jsjds.com.cn/dasai/assets/uploadFiles/ae54e8e13d0a3cba7209616e69668fdd/20200522_131019.jpg', 'http://2020.jsjds.com.cn/dasai/assets/uploadFiles/ae54e8e13d0a3cba7209616e69668fdd/20200520_152335.jpg', 'http://2020.jsjds.com.cn/dasai/assets/uploadFiles/ae54e8e13d0a3cba7209616e69668fdd/20200522_131034.jpg', 'http://2020.jsjds.com.cn/dasai/assets/uploadFiles/ae54e8e13d0a3cba7209616e69668fdd/20200522_131848.jpg']"
http://2020.jsjds.com.cn/chaxun/?keys=68655,漫画《祭花神》,数媒动漫与微电影（专业组）-新媒体漫画,"我国的传统文化节日繁多，但是受到互联网时代的影响，许多我国的传统文化节日受到西方文化的冲击，一些有意义的节日被日益忘却，或是被其他国家申遗注册。花朝节就是其中一种，现只在东北，华北，华东，中南局部地区流行，花卉文化与中华文化息息相关，但就其影响力而言，远不如国外的圣诞节，复活节，关键原因在于没有足够的手段宣传花朝节文化。
互联网时代同样也提供了更多的宣传手段和宣传平台。内容主要讲了一对情侣，女生喜爱过西方的节日，男生觉得本土的节日更好，恰逢花朝节，男生便领着女生去见花神降临人间的必经之路，遇见了十二位不同花神，还见到了花仙子和仙人赴宴的场景。","photoshop ,premiere",无,,"因为外来文化的影响，很多人开始过洋节，圣诞节，平安夜这些节日从不忘掉，花朝节作为我国传统节日，有其魅力，我们应该更多的去关注，传播这种优秀的文化遗产，要文化自信。我们的节日，不比外来的差，也更有内涵，更有意思，许许多多的节日，都有它自己的美丽神话，有自己的文化内蕴。我想通过这次的漫画创作，让更多的人去关注，了解自己本国传统节日。
花在中华文明中不仅仅是一个植物的统称，更是一个精神文化，在古代很多的诗词中，更是把花作为描绘人优秀精神品格的一样圣物，就如在最早的《诗经》中，提到花卉植物就有上百次，这是中华民族的一个神圣烙印，是深深刻在我们心底的浪漫，古人在条件艰苦的环境下，还能写诗表达这种浪漫，那我们拥有更好的生活条件，又怎么能丢掉这种浪漫。通过漫画的形式来传播中国传统文化节日，是文化强国的一个小篇章，是文化自信的一大步，中国本土的节日，不比外来的节日差。","前期设计中的难点主要在确定花神服饰，故事对话合理性上，因为考虑到这是篇带有神话色彩的漫画，所以对于想象力这一部分，可以不做太多的限制，只要后期能够画的出来，想象力越丰富越好。
整个设计的难点，主要堆积在男女主角的人物动作造型设计上，还有每个花神的特点都不一样，需要表现出每个花神的独有之处。男女主角的造型设计单个没有难度，但是男女主是串联整个故事的，是整个漫画《祭花神》中见证花神出现到消失的一个见证人，所以男女主角的形象不能模糊复杂化，因此我在选择设计男女主角的服装上，将情侣装带入其中，两人穿着咖啡色的上衣，衣服造型简答，对后面画不同角度会有很大便利，女主穿的长丝袜，男生穿的牛仔裤。漫画的氛围需要统一，这就要求对画风有一定保障，我现在还处于没有自己独有画风中的状态，因此在创作过程中，我会时不时的穿插厚涂，平涂，伪厚涂的画法，写实，日韩系的画风也会时不时的转变，这给我创作过程创造了很大的阻碍。
在花神的设计中，难点就更多了，十二个花神和两个花神领导，服饰和出场方式都是不一样的，有的是突然之间从天而降，有的是若隐若现的缓慢出现，还有金光乍现，倏然站在你前面，各种出现的方式都需要花大量的时间去刻画，花神领导的服饰在处理上要比其他花神更加的端庄大气一些。在这里我选两个画面详细讲述一下难点，就比如李白出现的画面，李白在大家的心目中应该是一个白衣胜雪，腰佩宝剑，悬挂酒壶的诗仙，李白在大家的想象中太过美好，我还不能达到面面俱到的画技，只能做取舍，把剑仙的一幕保留下来，从天而降的大透视角度过于刁钻，尝试了好几次没有画出来，就画了一个微侧的，脚踩在水面迷雾中，身后一道神光披肩，牡丹花四溅开来，只能画出情境，达不到意境。还有一幕是女夷和花姑两位上古花神，同时出现，两人身材高挑，雍容华贵，长袖口，头顶神光，因为两人是共同管理众花神的，作为百花之首，没有给她们画上花的蕴意，只是用几只蝴蝶，散发着神光飞悬在她们左右，暗示她们与众不同。
在后期配音的过程中，因为花神的角色较多，对配音师的要求还是较高的，需要配音师融入情境，花神的性格不一，有的如女夷花姑两位就是稳重大方，属于管理其余十二位花神的领导，而李白应该是那种锐气迸发，快意潇洒的剑侠之气，陶渊明，苏东坡是那种不拘一格，笑看人生的性格。",该同学的设计思路明确，设计手法足够支撑完成一部作品，能够熟练运用技能展现画面亮点，主题选题是传统文化，在当下文化大交流的格局下，是有必要的，目的是能够宣传，增强民族自信心,无,,,['http://2020.jsjds.com.cn/dasai/assets/uploadFiles/ae90a2171fd47351085aeaafa0b8c8a2/20200514_050444.jpg']
